,cmte_id,cmte_nm,name,file_year,other_id,sum
0,C90015306,NARAL PROCHOICE COLORADO IE COMMITTEE,WATERFRONT STRATEGIES,2014,S4CO00395,383550.0
1,C90004185,NARAL PRO-CHOICE AMERICA,MAP POLITICAL COMMUNICATIONS,2020,S4GA11285,312286.0
2,C90004185,NARAL PRO-CHOICE AMERICA,"DELIVER STRATEGIES, LLC",2020,S8AZ00221,187389.0
3,C90004185,NARAL PRO-CHOICE AMERICA,BW MEDIA,2020,S8MI00372,168099.0
4,C90004185,NARAL PRO-CHOICE AMERICA,CHONG & KOSTER,2016,P80001571,140459.0
5,C00079541,NARAL PRO-CHOICE AMERICA PAC,CHONG & KOSTER,2016,P80001571,140459.0
6,C90004185,NARAL PRO-CHOICE AMERICA,GUMBINNER & DAVIES,2020,H8IL03102,138485.0
7,C90004185,NARAL PRO-CHOICE AMERICA,"DELIVER STRATEGIES, LLC",2020,S4IA00129,126317.0
8,C90004185,NARAL PRO-CHOICE AMERICA,"DELIVER STRATEGIES, LLC",2020,S6ME00159,119861.0
9,C70002761,NARAL PRO-CHOICE AMERICA,,2016,S4CO00395,118252.0
10,C70002761,NARAL PRO-CHOICE AMERICA,,2014,S4MA00028,111549.0
11,C70002761,NARAL PRO-CHOICE AMERICA,,2016,P60006723,108330.0
12,C70002761,NARAL PRO-CHOICE AMERICA,,2016,H0NC02059,99946.0
13,C70002761,NARAL PRO-CHOICE AMERICA,,2014,,98012.0
14,C00079541,NARAL PRO-CHOICE AMERICA PAC,"MISSION CONTROL,",2010,S4PA00121,98000.0
15,C70002761,NARAL PRO-CHOICE AMERICA,,2016,P40003576,96980.0
16,C70002761,NARAL PRO-CHOICE AMERICA,,2016,P60006111,96980.0
17,C70002761,NARAL PRO-CHOICE AMERICA,,2016,P60006046,93696.0
18,C90004185,NARAL PRO-CHOICE AMERICA,76 WORDS,2022,H0TX28077,90000.0
19,C00079541,NARAL PRO-CHOICE AMERICA PAC,CHONG & KOSTER,2016,S4PA00121,80796.0
20,C90004185,NARAL PRO-CHOICE AMERICA,CHONG & KOSTER,2016,S4PA00121,80796.0
21,C90004185,NARAL PRO-CHOICE AMERICA,CHONG & KOSTER,2020,H8IL03102,79622.0
22,C90004185,NARAL PRO-CHOICE AMERICA,STRATEGIES FOR CHANGE GROUP,2020,S4GA11285,66250.0
23,C70002761,NARAL PRO-CHOICE AMERICA,,2016,S0NH00235,59126.0
24,C70002761,NARAL PRO-CHOICE AMERICA,,2016,S4NH00235,59126.0
25,C90004185,NARAL PRO-CHOICE AMERICA,MEDIA FORTITUDE,2020,P80000722,50000.0
26,C70002761,NARAL PRO-CHOICE AMERICA,,2016,S0NM00041,49973.0
27,C70002761,NARAL PRO-CHOICE AMERICA,,2016,H2NM02126,49973.0
28,C70002761,NARAL PRO-CHOICE AMERICA,,2016,P80001571,49112.0
29,C70002761,NARAL PRO-CHOICE AMERICA,,2016,P60008059,45264.0
30,C90015306,NARAL PROCHOICE COLORADO IE COMMITTEE,BULLY PULPIT INTERACTIVE LLC,2014,S4CO00395,39914.0
31,C70002761,NARAL PRO-CHOICE AMERICA,,2012,P80003353,38849.0
32,C70002761,NARAL PRO-CHOICE AMERICA,,2012,P80003338,38846.0
33,C70002761,NARAL PRO-CHOICE AMERICA,,2012,S6MT00162,37103.0
34,C70002761,NARAL PRO-CHOICE AMERICA,,2012,S6MT00097,36885.0
35,C00079541,NARAL PRO-CHOICE AMERICA PAC,CHONG & KOSTER,2016,S6NV00218,36280.0
36,C90004185,NARAL PRO-CHOICE AMERICA,CHONG & KOSTER,2016,S6NV00218,36280.0
37,C70002761,NARAL PRO-CHOICE AMERICA,,2012,S2MO00429,35433.0
38,C70002761,NARAL PRO-CHOICE AMERICA,,2014,H2IA05072,32113.0
39,C00079541,NARAL PRO-CHOICE AMERICA PAC,DEMOCRATIC SENATORIAL CAMPAIGN COMMITTEE,2022,C00042366,30000.0
40,C00079541,NARAL PRO-CHOICE AMERICA PAC,DEMOCRATIC SENATORIAL CAMPAIGN COMMITTEE,2020,C00042366,30000.0
41,C00079541,NARAL PRO-CHOICE AMERICA PAC,CHONG & KOSTER,2016,S0NH00235,23837.0
42,C90004185,NARAL PRO-CHOICE AMERICA,CHONG & KOSTER,2016,S0NH00235,23837.0
43,C90004185,NARAL PRO-CHOICE AMERICA,MAP POLITICAL COMMUNICATIONS,2020,S0MN00328,22632.0
44,C90004185,NARAL PRO-CHOICE AMERICA,"DELIVER STRATEGIES, LLC",2020,P80001571,21645.0
45,C70002761,NARAL PRO-CHOICE AMERICA,,2016,S2WA00189,21272.0
46,C90004185,NARAL PRO-CHOICE AMERICA,NEW MEDIA FIRM,2016,S0NH00235,17822.0
47,C90004185,NARAL PRO-CHOICE AMERICA,UNIONSOURCE.COM,2016,P00003392,17221.0
48,C90004185,NARAL PRO-CHOICE AMERICA,NEW MEDIA FIRM,2016,P60006723,16671.0
49,C70002761,NARAL PRO-CHOICE AMERICA,,2010,S0CA00330,15634.0
50,C70002761,NARAL PRO-CHOICE AMERICA,,2010,H8CO04067,15367.0
51,C70002761,NARAL PRO-CHOICE AMERICA,,2010,H6PA08194,15282.0
52,C00079541,NARAL PRO-CHOICE AMERICA PAC,WARNOCK FOR GEORGIA,2022,C00736876,15234.0
53,C00079541,NARAL PRO-CHOICE AMERICA PAC,MAGGIE FOR NH,2022,C00588772,15000.0
54,C00079541,NARAL PRO-CHOICE AMERICA PAC,TIM BISHOP FOR CONGRESS,2010,C00375618,15000.0
55,C00079541,NARAL PRO-CHOICE AMERICA PAC,DEMOCRATIC CONGRESSIONAL CAMPAIGN COMMITTEE - CONTRIBUTIONS,2022,C00000935,15000.0
56,C00079541,NARAL PRO-CHOICE AMERICA PAC,FRIENDS OF DAN MAFFEI,2010,C00417550,15000.0
57,C00079541,NARAL PRO-CHOICE AMERICA PAC,DEMOCRATIC CONGRESSIONAL CAMPAIGN COMMITTEE - CONTRIBUTIONS,2022,C00347864,15000.0
58,C00079541,NARAL PRO-CHOICE AMERICA PAC,DEMOCRATIC CONGRESSIONAL CAMPAIGN COMMITTEE - CONTRIBUTIONS,2020,C00347864,15000.0
59,C70002761,NARAL PRO-CHOICE AMERICA,,2010,S2CA00286,14543.0
60,C70002761,NARAL PRO-CHOICE AMERICA,,2010,H0CA03078,14382.0
61,C70002761,NARAL PRO-CHOICE AMERICA,,2010,H8LA02112,14239.0
62,C70002761,NARAL PRO-CHOICE AMERICA,,2010,H0OH12062,14163.0
63,C90004185,NARAL PRO-CHOICE AMERICA,STRATEGIES FOR CHANGE GROUP,2020,S8AZ00221,13946.0
64,C70002761,NARAL PRO-CHOICE AMERICA,,2010,H8IL11113,13917.0
65,C70002761,NARAL PRO-CHOICE AMERICA,,2010,H0OH12120,13832.0
66,C70002761,NARAL PRO-CHOICE AMERICA,,2010,H8LA02054,13832.0
67,C00079541,NARAL PRO-CHOICE AMERICA PAC,SCOTT MURPHY FOR CONGRESS,2010,C00458893,13000.0
68,C00079541,NARAL PRO-CHOICE AMERICA PAC,CHRISTY SMITH FOR CONGRESS,2020,C00725101,13000.0
69,C00079541,NARAL PRO-CHOICE AMERICA PAC,CATHERINE CORTEZ MASTO FOR SENATE,2022,C00575548,12900.0
70,C90004185,NARAL PRO-CHOICE AMERICA,MAP POLITICAL COMMUNICATIONS,2020,S8MI00372,12828.0
71,C00079541,NARAL PRO-CHOICE AMERICA PAC,KATIE MCGINTY FOR SENATE,2016,C00582809,12700.0
72,C00079541,NARAL PRO-CHOICE AMERICA PAC,RON BARBER FOR CONGRESS,2014,C00512129,12000.0
73,C70002761,NARAL PRO-CHOICE AMERICA,,2016,P60008398,11214.0
74,C00079541,NARAL PRO-CHOICE AMERICA PAC,THE MARKEY COMMITTEE,2014,C00196774,11000.0
75,C00079541,NARAL PRO-CHOICE AMERICA PAC,MANDELA BARNES FOR WISCONSIN,2022,C00784959,11000.0
76,C00079541,NARAL PRO-CHOICE AMERICA PAC,BENNET FOR COLORADO,2016,C00458398,11000.0
77,C00079541,NARAL PRO-CHOICE AMERICA PAC,JAIME HARRISON FOR US SENATE,2020,C00696153,10612.0
78,C00079541,NARAL PRO-CHOICE AMERICA PAC,ANGIE CRAIG FOR CONGRESS,2022,C00575209,10500.0
79,C00079541,NARAL PRO-CHOICE AMERICA PAC,TOM MALINOWSKI FOR CONGRESS,2022,C00656686,10400.0
80,C90004185,NARAL PRO-CHOICE AMERICA,MAP POLITICAL COMMUNICATIONS,2020,S4NC00162,10328.0
81,C00079541,NARAL PRO-CHOICE AMERICA PAC,MISSOURIANS FOR KANDER,2016,C00572925,10200.0
82,C00079541,NARAL PRO-CHOICE AMERICA PAC,DEBORAH ROSS FOR SENATE,2016,C00589820,10200.0
83,C00079541,NARAL PRO-CHOICE AMERICA PAC,COMMITTEE TO ELECT JARED GOLDEN,2020,C00653816,10200.0
84,C00079541,NARAL PRO-CHOICE AMERICA PAC,CAL FOR NC,2020,C00709410,10102.0
85,C00079541,NARAL PRO-CHOICE AMERICA PAC,SARA GIDEON FOR MAINE,2020,C00709899,10035.0
86,C00079541,NARAL PRO-CHOICE AMERICA PAC,PEOPLE FOR PATTY MURRAY,2022,C00257642,10013.0
87,C00079541,NARAL PRO-CHOICE AMERICA PAC,STABENOW FOR US SENATE,2012,C00344473,10000.0
88,C00079541,NARAL PRO-CHOICE AMERICA PAC,FRIENDS OF SHERROD BROWN,2012,C00264697,10000.0
89,C00079541,NARAL PRO-CHOICE AMERICA PAC,FRIENDS OF STEVE POUGNET,2010,C00459842,10000.0
90,C00079541,NARAL PRO-CHOICE AMERICA PAC,MONTANANS FOR BULLOCK,2020,C00741611,10000.0
91,C00079541,NARAL PRO-CHOICE AMERICA PAC,GIFFORDS FOR CONGRESS,2010,C00417618,10000.0
92,C00079541,NARAL PRO-CHOICE AMERICA PAC,GILLIBRAND FOR SENATE,2010,C00413914,10000.0
93,C00079541,NARAL PRO-CHOICE AMERICA PAC,BOLLIER FOR KANSAS,2020,C00723122,10000.0
94,C00079541,NARAL PRO-CHOICE AMERICA PAC,MCNERNEY FOR CONGRESS,2012,C00398644,10000.0
95,C00079541,NARAL PRO-CHOICE AMERICA PAC,MCNERNEY FOR CONGRESS,2010,C00398644,10000.0
96,C00079541,NARAL PRO-CHOICE AMERICA PAC,HAGAN FOR US SENATE,2014,C00457622,10000.0
97,C00079541,NARAL PRO-CHOICE AMERICA PAC,MARTIN HEINRICH FOR SENATE,2012,C00434563,10000.0
98,C00079541,NARAL PRO-CHOICE AMERICA PAC,HANABUSA 2010,2010,C00468413,10000.0
99,C00079541,NARAL PRO-CHOICE AMERICA PAC,HARRY MITCHELL FOR CONGRESS,2010,C00421271,10000.0
100,C00079541,NARAL PRO-CHOICE AMERICA PAC,MARTIN HEINRICH FOR CONGRESS,2010,C00434563,10000.0
101,C00079541,NARAL PRO-CHOICE AMERICA PAC,HICKENLOOPER FOR COLORADO,2020,C00716720,10000.0
102,C00079541,NARAL PRO-CHOICE AMERICA PAC,BOOCKVAR FOR CONGRESS,2012,C00509406,10000.0
103,C00079541,NARAL PRO-CHOICE AMERICA PAC,HODES FOR SENATE,2010,C00459040,10000.0
104,C00079541,NARAL PRO-CHOICE AMERICA PAC,MARTHA COAKLEY FOR SENATE COMMITTEE,2010,C00466573,10000.0
105,C00079541,NARAL PRO-CHOICE AMERICA PAC,HORSFORD FOR CONGRESS,2012,C00504613,10000.0
106,C00079541,NARAL PRO-CHOICE AMERICA PAC,MARK KELLY FOR SENATE,2022,C00696526,10000.0
107,C00079541,NARAL PRO-CHOICE AMERICA PAC,MARK KELLY FOR SENATE,2020,C00696526,10000.0
108,C00079541,NARAL PRO-CHOICE AMERICA PAC,MARKEY FOR CONGRESS,2010,C00436063,10000.0
109,C00079541,NARAL PRO-CHOICE AMERICA PAC,LOUISE SLAUGHTER RE-ELECTION COMMITTEE,2012,C00213611,10000.0
110,C00079541,NARAL PRO-CHOICE AMERICA PAC,LOIS FRANKEL FOR CONGRESS,2012,C00494856,10000.0
111,C00079541,NARAL PRO-CHOICE AMERICA PAC,LOEBSACK FOR CONGRESS,2012,C00414318,10000.0
112,C00079541,NARAL PRO-CHOICE AMERICA PAC,BOUCHER FOR CONGRESS COMMITTEE,2010,C00178418,10000.0
113,C00079541,NARAL PRO-CHOICE AMERICA PAC,KUSTER FOR CONGRESS,2012,C00462861,10000.0
114,C00079541,NARAL PRO-CHOICE AMERICA PAC,KUSTER FOR CONGRESS,2010,C00462861,10000.0
115,C00079541,NARAL PRO-CHOICE AMERICA PAC,KREITLOW FOR CONGRESS,2012,C00496026,10000.0
116,C00079541,NARAL PRO-CHOICE AMERICA PAC,JESSICA CISNEROS FOR CONGRESS,2022,C00709006,10000.0
117,C00079541,NARAL PRO-CHOICE AMERICA PAC,KRATOVIL FOR CONGRESS,2010,C00434936,10000.0
118,C00079541,NARAL PRO-CHOICE AMERICA PAC,JOHN HALL FOR CONGRESS,2010,C00417451,10000.0
119,C00079541,NARAL PRO-CHOICE AMERICA PAC,KOSMAS FOR CONGRESS,2010,C00440149,10000.0
120,C00079541,NARAL PRO-CHOICE AMERICA PAC,JON OSSOFF FOR SENATE,2020,C00718866,10000.0
121,C00079541,NARAL PRO-CHOICE AMERICA PAC,KENDRICK MEEK FOR FLORIDA,2010,C00458646,10000.0
122,C00079541,NARAL PRO-CHOICE AMERICA PAC,JOSE HERNANDEZ FOR CONGRESS,2012,C00502989,10000.0
123,C00079541,NARAL PRO-CHOICE AMERICA PAC,KEITH FITZGERALD FOR CONGRESS,2012,C00505925,10000.0
124,C00079541,NARAL PRO-CHOICE AMERICA PAC,KAMALA HARRIS FOR SENATE,2016,C00571919,10000.0
125,C00079541,NARAL PRO-CHOICE AMERICA PAC,JULIE LASSA FOR CONGRESS,2010,C00483198,10000.0
126,C00079541,NARAL PRO-CHOICE AMERICA PAC,JULIA BROWNLEY FOR CONGRESS,2012,C00513077,10000.0
127,C00079541,NARAL PRO-CHOICE AMERICA PAC,CARMONA FOR ARIZONA,2012,C00506022,10000.0
128,C00079541,NARAL PRO-CHOICE AMERICA PAC,CAROL SHEA-PORTER FOR CONGRESS,2012,C00419978,10000.0
129,C00079541,NARAL PRO-CHOICE AMERICA PAC,CARROLL FOR COLORADO,2016,C00580647,10000.0
130,C00079541,NARAL PRO-CHOICE AMERICA PAC,CATHERINE CORTEZ MASTO FOR SENATE,2016,C00575548,10000.0
131,C00079541,NARAL PRO-CHOICE AMERICA PAC,CHC BOLD PAC,2020,C00365536,10000.0
132,C00079541,NARAL PRO-CHOICE AMERICA PAC,CHC BOLD PAC,2022,C00365536,10000.0
133,C00079541,NARAL PRO-CHOICE AMERICA PAC,CHERI BEASLEY FOR NORTH CAROLINA,2022,C00777904,10000.0
134,C00079541,NARAL PRO-CHOICE AMERICA PAC,CHRIS PAPPAS FOR CONGRESS,2022,C00660464,10000.0
135,C00079541,NARAL PRO-CHOICE AMERICA PAC,CHRISTIE VILSACK FOR IOWA,2012,C00495598,10000.0
136,C00079541,NARAL PRO-CHOICE AMERICA PAC,CICILLINE COMMITTEE,2012,C00476564,10000.0
137,C00079541,NARAL PRO-CHOICE AMERICA PAC,CONGRESSIONAL BLACK CAUCUS PAC,2020,C00147512,10000.0
138,C00079541,NARAL PRO-CHOICE AMERICA PAC,CONGRESSIONAL BLACK CAUCUS PAC,2022,C00147512,10000.0
139,C00079541,NARAL PRO-CHOICE AMERICA PAC,CONGRESSIONAL PROGRESSIVE CAUCUS PAC,2020,C00513176,10000.0
140,C00079541,NARAL PRO-CHOICE AMERICA PAC,CONGRESSIONAL PROGRESSIVE CAUCUS PAC,2022,C00513176,10000.0
141,C00079541,NARAL PRO-CHOICE AMERICA PAC,ARCURI FOR CONGRESS,2010,C00418541,10000.0
142,C00079541,NARAL PRO-CHOICE AMERICA PAC,DAN SEALS FOR CONGRESS,2010,C00417501,10000.0
143,C00079541,NARAL PRO-CHOICE AMERICA PAC,ASPIRE PAC,2022,C00506907,10000.0
144,C00079541,NARAL PRO-CHOICE AMERICA PAC,WARNOCK FOR GEORGIA,2020,C00736876,10000.0
145,C00079541,NARAL PRO-CHOICE AMERICA PAC,DELBENE FOR CONGRESS,2010,C00459099,10000.0
146,C00079541,NARAL PRO-CHOICE AMERICA PAC,VAL DEMINGS FOR CONGRESS,2012,C00498980,10000.0
147,C00079541,NARAL PRO-CHOICE AMERICA PAC,UDALL FOR COLORADO,2014,C00331439,10000.0
148,C00079541,NARAL PRO-CHOICE AMERICA PAC,TRIVEDI FOR CONGRESS,2012,C00466607,10000.0
149,C00079541,NARAL PRO-CHOICE AMERICA PAC,DENNY HECK FOR CONGRESS,2012,C00472159,10000.0
150,C00079541,NARAL PRO-CHOICE AMERICA PAC,TINA SMITH FOR MINNESOTA,2020,C00663781,10000.0
151,C00079541,NARAL PRO-CHOICE AMERICA PAC,TAMMY BALDWIN FOR SENATE,2012,C00326801,10000.0
152,C00079541,NARAL PRO-CHOICE AMERICA PAC,SUSAN WILD FOR CONGRESS,2022,C00658567,10000.0
153,C00079541,NARAL PRO-CHOICE AMERICA PAC,STEPHANIE HERSETH SANDLIN FOR SOUTH DAKOTA,2010,C00367631,10000.0
154,C00079541,NARAL PRO-CHOICE AMERICA PAC,MONTANANS FOR TESTER,2012,C00412304,10000.0
155,C00079541,NARAL PRO-CHOICE AMERICA PAC,ELECT DEMOCRATIC WOMEN,2020,C00685297,10000.0
156,C00079541,NARAL PRO-CHOICE AMERICA PAC,ELECT DEMOCRATIC WOMEN,2022,C00685297,10000.0
157,C00079541,NARAL PRO-CHOICE AMERICA PAC,ELIZABETH FOR MA,2012,C00500843,10000.0
158,C00079541,NARAL PRO-CHOICE AMERICA PAC,BENNET FOR COLORADO,2010,C00458398,10000.0
159,C00079541,NARAL PRO-CHOICE AMERICA PAC,SHELLEY ADLER FOR CONGRESS,2012,C00512475,10000.0
160,C90004185,NARAL PRO-CHOICE AMERICA,76 WORDS,2020,S8MI00372,10000.0
161,C00079541,NARAL PRO-CHOICE AMERICA PAC,SHARICE FOR CONGRESS,2022,C00670034,10000.0
162,C00079541,NARAL PRO-CHOICE AMERICA PAC,SESTAK FOR SENATE,2010,C00465492,10000.0
163,C00079541,NARAL PRO-CHOICE AMERICA PAC,EQUALITY PAC,2020,C00550970,10000.0
164,C00079541,NARAL PRO-CHOICE AMERICA PAC,EQUALITY PAC,2022,C00550970,10000.0
165,C00079541,NARAL PRO-CHOICE AMERICA PAC,SCHOLTEN FOR CONGRESS,2022,C00711317,10000.0
166,C00079541,NARAL PRO-CHOICE AMERICA PAC,SCHAUER FOR CONGRESS,2010,C00438341,10000.0
167,C00079541,NARAL PRO-CHOICE AMERICA PAC,FEINGOLD SENATE COMMITTEE,2010,C00279901,10000.0
168,C00079541,NARAL PRO-CHOICE AMERICA PAC,BERA FOR CONGRESS,2012,C00461061,10000.0
169,C00079541,NARAL PRO-CHOICE AMERICA PAC,BERA FOR CONGRESS,2014,C00461061,10000.0
170,C00079541,NARAL PRO-CHOICE AMERICA PAC,BERKLEY FOR SENATE,2012,C00325738,10000.0
171,C90004185,NARAL PRO-CHOICE AMERICA,76 WORDS,2020,S4NC00162,10000.0
172,C90004185,NARAL PRO-CHOICE AMERICA,76 WORDS,2020,S0MN00328,10000.0
173,C00079541,NARAL PRO-CHOICE AMERICA PAC,ADLER FOR CONGRESS,2010,C00439067,10000.0
174,C00079541,NARAL PRO-CHOICE AMERICA PAC,ALISON FOR KENTUCKY,2014,C00547083,10000.0
175,C00079541,NARAL PRO-CHOICE AMERICA PAC,BETTY SUTTON FOR CONGRESS,2012,C00417816,10000.0
176,C00079541,NARAL PRO-CHOICE AMERICA PAC,RON BARBER FOR CONGRESS,2012,C00512129,10000.0
177,C00079541,NARAL PRO-CHOICE AMERICA PAC,BILL FOSTER FOR CONGRESS,2012,C00435099,10000.0
178,C00079541,NARAL PRO-CHOICE AMERICA PAC,FRIENDS OF CHRIS MURPHY,2012,C00492645,10000.0
179,C00079541,NARAL PRO-CHOICE AMERICA PAC,ROB ZERBAN FOR CONGRESS,2012,C00495523,10000.0
180,C00079541,NARAL PRO-CHOICE AMERICA PAC,ROBIN CARNAHAN FOR SENATE,2010,C00458778,10000.0
181,C00079541,NARAL PRO-CHOICE AMERICA PAC,RICHMOND FOR CONGRESS,2010,C00451336,10000.0
182,C00079541,NARAL PRO-CHOICE AMERICA PAC,FRIENDS OF DAN MAFFEI,2012,C00417550,10000.0
183,C00079541,NARAL PRO-CHOICE AMERICA PAC,FRIENDS OF JULIAN SCHREIBMAN,2012,C00513739,10000.0
184,C00079541,NARAL PRO-CHOICE AMERICA PAC,BILL OWENS FOR CONGRESS,2012,C00464495,10000.0
185,C00079541,NARAL PRO-CHOICE AMERICA PAC,FRIENDS OF LOIS CAPPS,2012,C00331389,10000.0
186,C00079541,NARAL PRO-CHOICE AMERICA PAC,PEOPLE FOR PATTY MURRAY,2010,C00257642,10000.0
187,C00079541,NARAL PRO-CHOICE AMERICA PAC,FRIENDS OF MAZIE HIRONO,2012,C00420760,10000.0
188,C00079541,NARAL PRO-CHOICE AMERICA PAC,PEOPLE FOR DEREK KILMER,2012,C00514893,10000.0
189,C00079541,NARAL PRO-CHOICE AMERICA PAC,FRIENDS OF PATRICK MURPHY,2012,C00493825,10000.0
190,C00079541,NARAL PRO-CHOICE AMERICA PAC,PATRICK MURPHY FOR CONGRESS,2010,C00411991,10000.0
191,C00079541,NARAL PRO-CHOICE AMERICA PAC,OCEGUERA FOR CONGRESS,2012,C00499962,10000.0
192,C00079541,NARAL PRO-CHOICE AMERICA PAC,NIKKI FOR CONGRESS,2022,C00787812,10000.0
193,C00079541,NARAL PRO-CHOICE AMERICA PAC,SPANBERGER FOR CONGRESS,2020,C00649913,9600.0
194,C00079541,NARAL PRO-CHOICE AMERICA PAC,GINA ORTIZ JONES FOR CONGRESS,2020,C00652297,8525.0
195,C90004185,NARAL PRO-CHOICE AMERICA,CIVIS ANALYTICS,2016,S0NH00235,8500.0
196,C00079541,NARAL PRO-CHOICE AMERICA PAC,ANGIE CRAIG FOR CONGRESS,2016,C00575209,8200.0
197,C90004185,NARAL PRO-CHOICE AMERICA,BW MEDIA,2020,S0MN00328,8099.0
198,C90004185,NARAL PRO-CHOICE AMERICA,BW MEDIA,2020,S4NC00162,8099.0
199,C00079541,NARAL PRO-CHOICE AMERICA PAC,PETERS FOR MICHIGAN,2014,C00437889,8000.0
200,C00079541,NARAL PRO-CHOICE AMERICA PAC,WENDY DAVIS FOR CONGRESS,2020,C00713297,8000.0
201,C00079541,NARAL PRO-CHOICE AMERICA PAC,FRIENDS OF JEANNE SHAHEEN,2014,C00457325,8000.0
202,C00079541,NARAL PRO-CHOICE AMERICA PAC,FRIENDS OF BARBARA BOXER,2010,C00279315,8000.0
203,C00079541,NARAL PRO-CHOICE AMERICA PAC,MAGGIE FOR NH,2016,C00588772,7700.0
204,C00079541,NARAL PRO-CHOICE AMERICA PAC,BONAMICI FOR CONGRESS,2012,C00500421,7500.0
205,C00079541,NARAL PRO-CHOICE AMERICA PAC,MAX ROSE FOR CONGRESS,2020,C00652248,7500.0
206,C00079541,NARAL PRO-CHOICE AMERICA PAC,FRIENDS OF PATRICK MURPHY,2016,C00493825,7500.0
207,C00079541,NARAL PRO-CHOICE AMERICA PAC,PERLMUTTER FOR CONGRESS,2012,C00410639,7500.0
208,C00079541,NARAL PRO-CHOICE AMERICA PAC,COMMITTEE TO ELECT JARED GOLDEN,2022,C00653816,7500.0
209,C00079541,NARAL PRO-CHOICE AMERICA PAC,CISNEROS FOR CONGRESS,2020,C00650648,7500.0
210,C00079541,NARAL PRO-CHOICE AMERICA PAC,CINDY AXNE FOR CONGRESS,2022,C00646844,7500.0
211,C00079541,NARAL PRO-CHOICE AMERICA PAC,CINDY AXNE FOR CONGRESS,2020,C00646844,7500.0
212,C00079541,NARAL PRO-CHOICE AMERICA PAC,PAULA BROOKS FOR CONGRESS,2010,C00465344,7500.0
213,C00079541,NARAL PRO-CHOICE AMERICA PAC,DEBBIE FOR CONGRESS,2020,C00652065,7500.0
214,C00079541,NARAL PRO-CHOICE AMERICA PAC,CHRISTINA BOHANNAN FOR CONGRESS,2022,C00787820,7500.0
215,C00079541,NARAL PRO-CHOICE AMERICA PAC,HIRAL FOR CONGRESS,2020,C00649897,7500.0
216,C00079541,NARAL PRO-CHOICE AMERICA PAC,CARAVEO FOR CONGRESS,2022,C00787788,7500.0
217,C00079541,NARAL PRO-CHOICE AMERICA PAC,FRIENDS OF ELIZABETH ESTY,2014,C00494203,7500.0
218,C00079541,NARAL PRO-CHOICE AMERICA PAC,LIZ MATHIS FOR CONGRESS,2022,C00785675,7500.0
219,C00079541,NARAL PRO-CHOICE AMERICA PAC,CAIN FOR CONGRESS,2016,C00546077,7500.0
220,C00079541,NARAL PRO-CHOICE AMERICA PAC,KATHY HOCHUL FOR CONGRESS,2012,C00494013,7500.0
221,C00079541,NARAL PRO-CHOICE AMERICA PAC,DENNY HECK FOR CONGRESS,2010,C00472159,7500.0
222,C00079541,NARAL PRO-CHOICE AMERICA PAC,JOHN CALLAHAN FOR CONGRESS,2010,C00464750,7500.0
223,C00079541,NARAL PRO-CHOICE AMERICA PAC,TOM O'HALLERAN FOR CONGRESS,2022,C00582890,7500.0
224,C00079541,NARAL PRO-CHOICE AMERICA PAC,BRITTANY PETTERSEN FOR COLORADO,2022,C00637215,7500.0
225,C00079541,NARAL PRO-CHOICE AMERICA PAC,PETERS FOR US CONGRESS,2010,C00437889,7500.0
226,C00079541,NARAL PRO-CHOICE AMERICA PAC,TIM RYAN FOR OHIO,2022,C00777771,7500.0
227,C00079541,NARAL PRO-CHOICE AMERICA PAC,BRINDISI FOR CONGRESS,2020,C00648725,7500.0
228,C00079541,NARAL PRO-CHOICE AMERICA PAC,TADDEO FOR CONGRESS,2022,C00445163,7500.0
229,C00079541,NARAL PRO-CHOICE AMERICA PAC,SUSIE LEE FOR CONGRESS,2022,C00655613,7500.0
230,C00079541,NARAL PRO-CHOICE AMERICA PAC,SUSIE LEE FOR CONGRESS,2020,C00655613,7500.0
231,C00079541,NARAL PRO-CHOICE AMERICA PAC,SUSAN WILD FOR CONGRESS,2020,C00658567,7500.0
232,C00079541,NARAL PRO-CHOICE AMERICA PAC,STANTON FOR CONGRESS,2022,C00657304,7500.0
233,C00079541,NARAL PRO-CHOICE AMERICA PAC,ELAINE FOR CONGRESS,2022,C00664375,7500.0
234,C00079541,NARAL PRO-CHOICE AMERICA PAC,AIMEE BELGARD FOR CONGRESS,2014,C00550103,7000.0
235,C00079541,NARAL PRO-CHOICE AMERICA PAC,JOHN FOUST FOR CONGRESS,2014,C00553040,7000.0
236,C00079541,NARAL PRO-CHOICE AMERICA PAC,KIRKPATRICK FOR ARIZONA,2014,C00437293,7000.0
237,C00079541,NARAL PRO-CHOICE AMERICA PAC,NANCY PELOSI FOR CONGRESS,2012,C00213512,7000.0
238,C00079541,NARAL PRO-CHOICE AMERICA PAC,CONGRESSMAN WAXMAN CAMPAIGN COMMITTEE,2012,C00013128,7000.0
239,C90004185,NARAL PRO-CHOICE AMERICA,STRATEGIES FOR CHANGE GROUP,2020,S4IA00129,6972.0
240,C70002761,NARAL PRO-CHOICE AMERICA,,2014,S8NC00239,6689.0
241,C00079541,NARAL PRO-CHOICE AMERICA PAC,JOSH HARDER FOR CONGRESS,2020,C00639146,6584.0
242,C70002761,NARAL PRO-CHOICE AMERICA,,2014,S4NC00162,6519.0
243,C00079541,NARAL PRO-CHOICE AMERICA PAC,RUSS FOR WISCONSIN,2016,C00578013,6000.0
244,C00079541,NARAL PRO-CHOICE AMERICA PAC,TAMMY FOR ILLINOIS,2016,C00574889,6000.0
245,C00079541,NARAL PRO-CHOICE AMERICA PAC,PRIMILA FOR CONGRESS,2016,C00605592,6000.0
246,C00079541,NARAL PRO-CHOICE AMERICA PAC,KUSTER FOR CONGRESS,2014,C00462861,6000.0
247,C00079541,NARAL PRO-CHOICE AMERICA PAC,KATIE PORTER FOR CONGRESS,2020,C00636571,5534.0
248,C00079541,NARAL PRO-CHOICE AMERICA PAC,AMI BERA FOR CONGRESS,2016,C00461061,5500.0
249,C00079541,NARAL PRO-CHOICE AMERICA PAC,LAUREN UNDERWOOD FOR CONGRESS,2022,C00652719,5500.0
250,C00079541,NARAL PRO-CHOICE AMERICA PAC,XOCHITL FOR NEW MEXICO,2020,C00666149,5500.0
251,C00079541,NARAL PRO-CHOICE AMERICA PAC,HARLEY ROUDA FOR CONGRESS,2020,C00633982,5234.0
252,C00079541,NARAL PRO-CHOICE AMERICA PAC,JESSICA CISNEROS FOR CONGRESS,2020,C00709006,5100.0
253,C00079541,NARAL PRO-CHOICE AMERICA PAC,PETERS FOR MICHIGAN,2020,C00437889,5054.0
254,C00079541,NARAL PRO-CHOICE AMERICA PAC,JEFF MERKLEY FOR OREGON,2020,C00437277,5034.0
255,C00079541,NARAL PRO-CHOICE AMERICA PAC,MARIE NEWMAN FOR CONGRESS,2020,C00636670,5025.0
256,C00079541,NARAL PRO-CHOICE AMERICA PAC,RUSS CARNAHAN FOR CONGRESS COMMITTEE,2010,C00386276,5000.0
257,C00079541,NARAL PRO-CHOICE AMERICA PAC,ALASKANS FOR BEGICH,2014,C00446260,5000.0
258,C00079541,NARAL PRO-CHOICE AMERICA PAC,ALEXI FOR ILLINOIS,2010,C00459586,5000.0
259,C00079541,NARAL PRO-CHOICE AMERICA PAC,AL LAWSON FOR CONGRESS,2012,C00460261,5000.0
260,C00079541,NARAL PRO-CHOICE AMERICA PAC,ANDREA SALINAS FOR OREGON,2022,C00793703,5000.0
261,C00079541,NARAL PRO-CHOICE AMERICA PAC,A WHOLE LOT OF PEOPLE FOR GRIJALVA CONGRESSIONAL COMMITTEE,2010,C00374058,5000.0
262,C00079541,NARAL PRO-CHOICE AMERICA PAC,BEN CARDIN FOR SENATE,2012,C00411587,5000.0
263,C00079541,NARAL PRO-CHOICE AMERICA PAC,BERA FOR CONGRESS,2010,C00461061,5000.0
264,C00079541,NARAL PRO-CHOICE AMERICA PAC,BETTY SUTTON FOR CONGRESS,2010,C00417816,5000.0
265,C00079541,NARAL PRO-CHOICE AMERICA PAC,BILL FOSTER FOR CONGRESS COMMITTEE,2010,C00435099,5000.0
266,C00079541,NARAL PRO-CHOICE AMERICA PAC,BILL KEATING COMMITTEE; THE,2010,C00479063,5000.0
267,C00079541,NARAL PRO-CHOICE AMERICA PAC,BILL OWENS FOR CONGRESS,2010,C00464495,5000.0
268,C00079541,NARAL PRO-CHOICE AMERICA PAC,BISHOP FOR CONGRESS,2012,C00375618,5000.0
269,C00079541,NARAL PRO-CHOICE AMERICA PAC,BLUMENTHAL FOR CONNECTICUT,2016,C00492991,5000.0
270,C00079541,NARAL PRO-CHOICE AMERICA PAC,BLUMENTHAL FOR SENATE,2010,C00473587,5000.0
271,C00079541,NARAL PRO-CHOICE AMERICA PAC,BLUMENTHAL FOR SENATE,2022,C00492991,5000.0
272,C00079541,NARAL PRO-CHOICE AMERICA PAC,BRALEY FOR IOWA,2014,C00541417,5000.0
273,C00079541,NARAL PRO-CHOICE AMERICA PAC,BRALEY FOR SENATE,2014,C00541417,5000.0
274,C00079541,NARAL PRO-CHOICE AMERICA PAC,CANDACE FOR 24,2020,C00702225,5000.0
275,C00079541,NARAL PRO-CHOICE AMERICA PAC,CAROL SHEA-PORTER FOR CONGRESS,2010,C00419978,5000.0
276,C00079541,NARAL PRO-CHOICE AMERICA PAC,CAROL SHEA-PORTER FOR CONGRESS,2014,C00419978,5000.0
277,C00079541,NARAL PRO-CHOICE AMERICA PAC,CASTEN FOR CONGRESS,2022,C00648493,5000.0
278,C00079541,NARAL PRO-CHOICE AMERICA PAC,CHRIS COONS FOR DELAWARE,2010,C00475392,5000.0
279,C00079541,NARAL PRO-CHOICE AMERICA PAC,CHRIS DELUZIO FOR CONGRESS,2022,C00787648,5000.0
280,C00079541,NARAL PRO-CHOICE AMERICA PAC,CHRISTY SMITH FOR CONGRESS,2022,C00725101,5000.0
281,C00079541,NARAL PRO-CHOICE AMERICA PAC,CICILLINE COMMITTEE,2010,C00476564,5000.0
282,C00079541,NARAL PRO-CHOICE AMERICA PAC,COLIN ALLRED FOR CONGRESS,2020,C00637868,5000.0
283,C00079541,NARAL PRO-CHOICE AMERICA PAC,COMMITTEE TO ELECT MICHELLE LUJAN,2012,C00501254,5000.0
284,C00079541,NARAL PRO-CHOICE AMERICA PAC,COMMITTEE TO ELECT NATHAN SHINAGAWA,2012,C00512905,5000.0
285,C00079541,NARAL PRO-CHOICE AMERICA PAC,COMMITTEE TO RE-ELECT LINDA SANCHEZ,2010,C00384057,5000.0
286,C00079541,NARAL PRO-CHOICE AMERICA PAC,CORY BOOKER FOR SENATE,2020,C00540500,5000.0
287,C00079541,NARAL PRO-CHOICE AMERICA PAC,DAN LAMB FOR CONGRESS,2012,C00512699,5000.0
288,C00079541,NARAL PRO-CHOICE AMERICA PAC,DAVID WEPRIN FOR CONGRESS,2012,C00499103,5000.0
289,C00079541,NARAL PRO-CHOICE AMERICA PAC,DEBBIE WASSERMAN SCHULTZ FOR CONGRESS,2016,C00385773,5000.0
290,C00079541,NARAL PRO-CHOICE AMERICA PAC,DELBENE FOR CONGRESS,2012,C00459099,5000.0
291,C00079541,NARAL PRO-CHOICE AMERICA PAC,DENISE MORENO DUCHENY FOR CONGRESS,2012,C00502203,5000.0
292,C00079541,NARAL PRO-CHOICE AMERICA PAC,DENVER NEWSPAPER AGENCY,2014,S4CO00395,5000.0
293,C00079541,NARAL PRO-CHOICE AMERICA PAC,DINA TITUS FOR CONGRESS,2010,C00450577,5000.0
294,C00079541,NARAL PRO-CHOICE AMERICA PAC,DINA TITUS FOR CONGRESS,2022,C00499467,5000.0
295,C00079541,NARAL PRO-CHOICE AMERICA PAC,DR. RAUL RUIZ FOR CONGRESS,2014,C00502575,5000.0
296,C00079541,NARAL PRO-CHOICE AMERICA PAC,DUCKWORTH FOR CONGRESS,2012,C00498634,5000.0
297,C00079541,NARAL PRO-CHOICE AMERICA PAC,ELIZABETH PANNILL FLETCHER FOR CONGRESS,2020,C00640045,5000.0
298,C00079541,NARAL PRO-CHOICE AMERICA PAC,ELLISON FOR CONGRESS,2012,C00422410,5000.0
299,C00079541,NARAL PRO-CHOICE AMERICA PAC,EMILIA SYKES FOR CONGRESS,2022,C00801274,5000.0
300,C00079541,NARAL PRO-CHOICE AMERICA PAC,END CITIZENS UNITED,2020,C00573261,5000.0
301,C00079541,NARAL PRO-CHOICE AMERICA PAC,FEINSTEIN FOR SENATE,2012,C00315176,5000.0
302,C00079541,NARAL PRO-CHOICE AMERICA PAC,FETTERMAN FOR PA,2022,C00765800,5000.0
303,C00079541,NARAL PRO-CHOICE AMERICA PAC,FINKENAUER FOR CONGRESS,2020,C00637074,5000.0
304,C00079541,NARAL PRO-CHOICE AMERICA PAC,FISHER FOR OHIO,2010,C00459404,5000.0
305,C00079541,NARAL PRO-CHOICE AMERICA PAC,FLORES FOR CONGRESS,2016,C00577270,5000.0
306,C00079541,NARAL PRO-CHOICE AMERICA PAC,FRIENDS OF BERNIE SANDERS,2012,C00411330,5000.0
307,C00079541,NARAL PRO-CHOICE AMERICA PAC,FRIENDS OF CHERI BUSTOS,2012,C00498568,5000.0
308,C00079541,NARAL PRO-CHOICE AMERICA PAC,FRIENDS OF CHRIS DODD,2010,C00347310,5000.0
309,C00079541,NARAL PRO-CHOICE AMERICA PAC,FRIENDS OF DAN MAFFEI,2014,C00417550,5000.0
310,C00079541,NARAL PRO-CHOICE AMERICA PAC,FRIENDS OF DAVID GILL,2012,C00498972,5000.0
311,C00079541,NARAL PRO-CHOICE AMERICA PAC,FRIENDS OF GLENN NYE,2010,C00443846,5000.0
312,C00079541,NARAL PRO-CHOICE AMERICA PAC,FRIENDS OF JEVIN D. HODGE,2022,C00778464,5000.0
313,C00079541,NARAL PRO-CHOICE AMERICA PAC,FRIENDS OF JOHN DELANEY,2012,C00508416,5000.0
314,C00079541,NARAL PRO-CHOICE AMERICA PAC,FRIENDS OF KATE MARSHALL,2012,C00496125,5000.0
315,C00079541,NARAL PRO-CHOICE AMERICA PAC,FRIENDS OF PHIL HARE,2010,C00422923,5000.0
316,C00079541,NARAL PRO-CHOICE AMERICA PAC,FUTURE FORUM PAC,2020,C00625988,5000.0
317,C00079541,NARAL PRO-CHOICE AMERICA PAC,GABE VASQUEZ FOR CONGRESS,2022,C00789404,5000.0
318,C00079541,NARAL PRO-CHOICE AMERICA PAC,GERRY CONNOLLY FOR CONGRESS,2010,C00445452,5000.0
319,C00079541,NARAL PRO-CHOICE AMERICA PAC,GILLAN FOR CONGRESS,2012,C00497776,5000.0
320,C00079541,NARAL PRO-CHOICE AMERICA PAC,GILLEN FOR CONGRESS,2022,C00806547,5000.0
321,C00079541,NARAL PRO-CHOICE AMERICA PAC,GILLIBRAND FOR SENATE,2012,C00413914,5000.0
322,C00079541,NARAL PRO-CHOICE AMERICA PAC,HALVORSON FOR CONGRESS,2010,C00440016,5000.0
323,C00079541,NARAL PRO-CHOICE AMERICA PAC,HIRSCHBIEL FOR CONGRESS,2012,C00499145,5000.0
324,C00079541,NARAL PRO-CHOICE AMERICA PAC,HOCHUL FOR CONGRESS,2012,C00494013,5000.0
325,C00079541,NARAL PRO-CHOICE AMERICA PAC,HULBURD FOR CONGRESS,2010,C00468686,5000.0
326,C00079541,NARAL PRO-CHOICE AMERICA PAC,JAMIE FOR OREGON,2022,C00792465,5000.0
327,C00079541,NARAL PRO-CHOICE AMERICA PAC,JAY CHEN FOR CONGRESS,2022,C00665695,5000.0
328,C00079541,NARAL PRO-CHOICE AMERICA PAC,JIM HIMES FOR CONGRESS,2010,C00434191,5000.0
329,C00079541,NARAL PRO-CHOICE AMERICA PAC,"JOBS, EDUCATION, & FAMILIES FIRST - JEFF PAC",2020,C00617803,5000.0
330,C00079541,NARAL PRO-CHOICE AMERICA PAC,JOE GARCIA FOR CONGRESS,2010,C00445114,5000.0
331,C00079541,NARAL PRO-CHOICE AMERICA PAC,JOE GARCIA FOR CONGRESS,2012,C00445114,5000.0
332,C00079541,NARAL PRO-CHOICE AMERICA PAC,JOE GARCIA FOR CONGRESS,2014,C00521781,5000.0
333,C00079541,NARAL PRO-CHOICE AMERICA PAC,JOE MIKLOSI FOR CONGRESS,2012,C00498337,5000.0
334,C00079541,NARAL PRO-CHOICE AMERICA PAC,JOYCE BEATTY FOR CONGRESS,2012,C00507368,5000.0
335,C00079541,NARAL PRO-CHOICE AMERICA PAC,JULIA BROWNLEY FOR CONGRESS,2014,C00513077,5000.0
336,C00079541,NARAL PRO-CHOICE AMERICA PAC,KAMALA HARRIS FOR THE PEOPLE,2020,C00694455,5000.0
337,C00079541,NARAL PRO-CHOICE AMERICA PAC,KATIE HILL FOR CONGRESS,2020,C00634212,5000.0
338,C00079541,NARAL PRO-CHOICE AMERICA PAC,KILROY FOR CONGRESS,2010,C00416156,5000.0
339,C00079541,NARAL PRO-CHOICE AMERICA PAC,KIRKPATRICK FOR ARIZONA,2012,C00437293,5000.0
340,C00079541,NARAL PRO-CHOICE AMERICA PAC,KIRKPATRICK FOR SENATE,2016,C00578484,5000.0
341,C00079541,NARAL PRO-CHOICE AMERICA PAC,KLEIN FOR CONGRESS,2010,C00410522,5000.0
342,C00079541,NARAL PRO-CHOICE AMERICA PAC,KURT SCHRADER FOR CONGRESS,2010,C00446906,5000.0
343,C00079541,NARAL PRO-CHOICE AMERICA PAC,KURT SCHRADER FOR CONGRESS,2012,C00446906,5000.0
344,C00079541,NARAL PRO-CHOICE AMERICA PAC,KYRSTEN SINEMA FOR CONGRESS,2012,C00508804,5000.0
345,C00079541,NARAL PRO-CHOICE AMERICA PAC,KYRSTEN SINEMA FOR CONGRESS,2014,C00508804,5000.0
346,C00079541,NARAL PRO-CHOICE AMERICA PAC,LANDSMAN FOR CONGRESS,2022,C00800276,5000.0
347,C00079541,NARAL PRO-CHOICE AMERICA PAC,LENTZ FOR CONGRESS,2010,C00465195,5000.0
348,C00079541,NARAL PRO-CHOICE AMERICA PAC,LOEBSACK FOR CONGRESS,2010,C00414318,5000.0
349,C00079541,NARAL PRO-CHOICE AMERICA PAC,LORI EDWARDS CAMPAIGN COMMITTEE,2010,C00459776,5000.0
350,C00079541,NARAL PRO-CHOICE AMERICA PAC,LUANN BENNETT FOR CONGRESS,2016,C00595116,5000.0
351,C00079541,NARAL PRO-CHOICE AMERICA PAC,MAGGIE FOR NEW HAMPSHIRE,2016,C00588772,5000.0
352,C00079541,NARAL PRO-CHOICE AMERICA PAC,MARK MURPHY FOR CONGRESS,2012,C00510198,5000.0
353,C00079541,NARAL PRO-CHOICE AMERICA PAC,MARK TAKANO FOR CONGRESS CAMPAIGN,2012,C00263616,5000.0
354,C00079541,NARAL PRO-CHOICE AMERICA PAC,MARY PELTOLA FOR ALASKA,2022,C00812388,5000.0
355,C00079541,NARAL PRO-CHOICE AMERICA PAC,MCCASKILL FOR MISSOURI,2012,C00414961,5000.0
356,C00079541,NARAL PRO-CHOICE AMERICA PAC,MENENDEZ FOR SENATE,2012,C00264564,5000.0
357,C00079541,NARAL PRO-CHOICE AMERICA PAC,MIKE HONDA FOR CONGRESS,2014,C00351379,5000.0
358,C00079541,NARAL PRO-CHOICE AMERICA PAC,MIKIE SHERRILL FOR CONGRESS,2020,C00640003,5000.0
359,C00079541,NARAL PRO-CHOICE AMERICA PAC,MINNICK FOR CONGRESS,2010,C00441105,5000.0
360,C00079541,NARAL PRO-CHOICE AMERICA PAC,MISSOURI DEMOCRATIC STATE COMMITTEE,2012,C00135558,5000.0
361,C00079541,NARAL PRO-CHOICE AMERICA PAC,MJ FOR TEXAS,2020,C00649350,5000.0
362,C00079541,NARAL PRO-CHOICE AMERICA PAC,NANCY PELOSI FOR CONGRESS,2022,C00213512,5000.0
363,C00079541,NARAL PRO-CHOICE AMERICA PAC,NEVADA STATE DEMOCRATIC PARTY,2020,C00208991,5000.0
364,C00079541,NARAL PRO-CHOICE AMERICA PAC,PAC TO THE FUTURE,2020,C00344234,5000.0
365,C00079541,NARAL PRO-CHOICE AMERICA PAC,PAC TO THE FUTURE,2022,C00344234,5000.0
366,C00079541,NARAL PRO-CHOICE AMERICA PAC,PAT RYAN FOR CONGRESS,2022,C00815290,5000.0
367,C00079541,NARAL PRO-CHOICE AMERICA PAC,PEOPLE FOR PATTY MURRAY,2016,C00257642,5000.0
368,C00079541,NARAL PRO-CHOICE AMERICA PAC,PERLMUTTER FOR CONGRESS,2010,C00410639,5000.0
369,C00079541,NARAL PRO-CHOICE AMERICA PAC,PETE AGUILAR FOR CONGRESS,2012,C00510461,5000.0
370,C00079541,NARAL PRO-CHOICE AMERICA PAC,RE-ELECT CONGRESSMAN KUCINICH COMMITTEE,2012,C00325704,5000.0
371,C00079541,NARAL PRO-CHOICE AMERICA PAC,RIGHT FOR IDAHO,2010,C00478693,5000.0
372,C00079541,NARAL PRO-CHOICE AMERICA PAC,RITA HART FOR IOWA,2020,C00706457,5000.0
373,C00079541,NARAL PRO-CHOICE AMERICA PAC,ROSEN FOR NEVADA,2016,C00606939,5000.0
374,C00079541,NARAL PRO-CHOICE AMERICA PAC,RUBEN KIHUEN FOR CONGRESS,2016,C00502773,5000.0
375,C00079541,NARAL PRO-CHOICE AMERICA PAC,SCHNEIDER FOR CONGRESS,2012,C00495952,5000.0
376,C00079541,NARAL PRO-CHOICE AMERICA PAC,SCOTT MCADAMS FOR UNITED STATES SENATE,2010,C00484949,5000.0
377,C00079541,NARAL PRO-CHOICE AMERICA PAC,SCOTT PETERS FOR CONGRESS,2012,C00503110,5000.0
378,C00079541,NARAL PRO-CHOICE AMERICA PAC,SCOTT PETERS FOR CONGRESS,2014,C00503110,5000.0
379,C00079541,NARAL PRO-CHOICE AMERICA PAC,SEAN PATRICK MALONEY FOR CONGRESS,2012,C00512426,5000.0
380,C00079541,NARAL PRO-CHOICE AMERICA PAC,SEAN PATRICK MALONEY FOR CONGRESS,2014,C00512426,5000.0
381,C00079541,NARAL PRO-CHOICE AMERICA PAC,SHAHEEN FOR SENATE,2020,C00457325,5000.0
382,C00079541,NARAL PRO-CHOICE AMERICA PAC,SPANBERGER FOR CONGRESS,2022,C00649913,5000.0
383,C00079541,NARAL PRO-CHOICE AMERICA PAC,STEVE ROTHMAN FOR NEW JERSEY,2012,C00313494,5000.0
384,C00079541,NARAL PRO-CHOICE AMERICA PAC,STRICKLAND FOR SENATE,2016,C00573212,5000.0
385,C00079541,NARAL PRO-CHOICE AMERICA PAC,TERESA FOR ALL,2020,C00704049,5000.0
386,C00079541,NARAL PRO-CHOICE AMERICA PAC,THE DEMOCRATIC PARTY OF WISCONSIN,2014,C00019331,5000.0
387,C00079541,NARAL PRO-CHOICE AMERICA PAC,THERESA GREENFIELD FOR CONGRESS,2020,C00649129,5000.0
388,C00079541,NARAL PRO-CHOICE AMERICA PAC,THERESA GREENFIELD FOR IOWA,2020,C00708164,5000.0
389,C00079541,NARAL PRO-CHOICE AMERICA PAC,TIM WALZ FOR US CONGRESS,2010,C00409409,5000.0
390,C00079541,NARAL PRO-CHOICE AMERICA PAC,TORRES FOR CONGRESS,2020,C00699744,5000.0
391,C00079541,NARAL PRO-CHOICE AMERICA PAC,TRIVEDI FOR CONGRESS,2010,C00466607,5000.0
392,C00079541,NARAL PRO-CHOICE AMERICA PAC,VAL HOYLE FOR CONGRESS,2022,C00796144,5000.0
393,C00079541,NARAL PRO-CHOICE AMERICA PAC,VAN HOLLEN FOR SENATE,2016,C00573758,5000.0
394,C00079541,NARAL PRO-CHOICE AMERICA PAC,WHITEHOUSE FOR SENATE,2012,C00410803,5000.0
395,C90004185,NARAL PRO-CHOICE AMERICA,BW MEDIA,2020,S6ME00159,5000.0
396,C70002761,NARAL PRO-CHOICE AMERICA,,2016,P20002721,4970.0
397,C00079541,NARAL PRO-CHOICE AMERICA PAC,"APPEL FOR IOWA, INC.",2014,C00546507,4500.0
398,C00079541,NARAL PRO-CHOICE AMERICA PAC,CAIN FOR CONGRESS,2014,C00546077,4500.0
399,C00079541,NARAL PRO-CHOICE AMERICA PAC,CANEL PARNTERS MEDIA,2014,S4CO00395,4350.0
400,C00079541,NARAL PRO-CHOICE AMERICA PAC,IOWA DEMOCRATIC PARTY,2014,C00035600,4020.0
401,C00079541,NARAL PRO-CHOICE AMERICA PAC,MOORE FOR CONGRESS,2012,C00397505,4000.0
402,C00079541,NARAL PRO-CHOICE AMERICA PAC,PRAMILA FOR CONGRESS,2016,C00605592,4000.0
403,C70002761,NARAL PRO-CHOICE AMERICA,,2016,P20003281,3968.0
404,C00079541,NARAL PRO-CHOICE AMERICA PAC,NADLER FOR CONGRESS,2022,C00290825,3900.0
405,C90004185,NARAL PRO-CHOICE AMERICA,STRATEGIES FOR CHANGE GROUP,2020,S0MN00328,3868.0
406,C00079541,NARAL PRO-CHOICE AMERICA PAC,SARAH GIDEON FOR MAINE,2020,C00709899,3834.0
407,C90004185,NARAL PRO-CHOICE AMERICA,NEW MEDIA FIRM,2016,P00003392,3750.0
408,C00079541,NARAL PRO-CHOICE AMERICA PAC,RECCHIA FOR CONGRESS,2014,C00542266,3500.0
409,C00079541,NARAL PRO-CHOICE AMERICA PAC,THE MARKEY COMMITTEE,2020,C00196774,3500.0
410,C00079541,NARAL PRO-CHOICE AMERICA PAC,DUCKWORTH FOR CONGRESS,2014,C00498634,3500.0
411,C00079541,NARAL PRO-CHOICE AMERICA PAC,FRIENDS OF CHERI BUSTOS,2014,C00498568,3500.0
412,C00079541,NARAL PRO-CHOICE AMERICA PAC,ANDY KIM FOR CONGRESS,2020,C00648220,3500.0
413,C00079541,NARAL PRO-CHOICE AMERICA PAC,DR. KIM SCHRIER FOR CONGRESS,2022,C00652628,3500.0
414,C00079541,NARAL PRO-CHOICE AMERICA PAC,MICHELLE VALLEJO FOR CONGRESS,2022,C00797217,3500.0
415,C00079541,NARAL PRO-CHOICE AMERICA PAC,SCHNEIDER FOR CONGRESS,2014,C00495952,3500.0
416,C00079541,NARAL PRO-CHOICE AMERICA PAC,PAT MURPHY FOR IOWA,2014,C00541938,3264.0
417,C00079541,NARAL PRO-CHOICE AMERICA PAC,WALSH FOR MONTANA,2014,C00550640,3000.0
418,C00079541,NARAL PRO-CHOICE AMERICA PAC,JASON CROW FOR CONGRESS,2020,C00637363,3000.0
419,C00079541,NARAL PRO-CHOICE AMERICA PAC,ALASKANS FOR BEGICH,2014,C00458059,3000.0
420,C00079541,NARAL PRO-CHOICE AMERICA PAC,AL FRANKEN FOR SENATE,2014,C00480384,3000.0
421,C00079541,NARAL PRO-CHOICE AMERICA PAC,BARBARA LEE FOR CONGRESS,2012,C00331769,3000.0
422,C70002761,NARAL PRO-CHOICE AMERICA,,2016,H4AZ04024,2642.0
423,C70002761,NARAL PRO-CHOICE AMERICA,,2016,H2TN06030,2642.0
424,C70002761,NARAL PRO-CHOICE AMERICA,,2016,H0OH08029,2642.0
425,C00079541,NARAL PRO-CHOICE AMERICA PAC,FRIENDS OF DAN FEEHAN,2020,C00649327,2534.0
426,C00079541,NARAL PRO-CHOICE AMERICA PAC,ANGIE CRAIG FOR CONGRESS,2020,C00575209,2534.0
427,C00079541,NARAL PRO-CHOICE AMERICA PAC,DEPASQUALE FOR PA 10,2020,C00710533,2534.0
428,C00079541,NARAL PRO-CHOICE AMERICA PAC,BETSY DIRKSEN LONDRIGAN FOR CONGRESS,2020,C00649483,2500.0
429,C00079541,NARAL PRO-CHOICE AMERICA PAC,JEFF JACKSON FOR CONGRESS,2022,C00767400,2500.0
430,C00079541,NARAL PRO-CHOICE AMERICA PAC,MONICA VERNON FOR CONGRESS,2016,C00571562,2500.0
431,C00079541,NARAL PRO-CHOICE AMERICA PAC,GAIL SCHWARTZ FOR CONGRESS,2016,C00614073,2500.0
432,C00079541,NARAL PRO-CHOICE AMERICA PAC,FRIENDS OF ROSA DELAURO,2020,C00238865,2500.0
433,C00079541,NARAL PRO-CHOICE AMERICA PAC,MOORE FOR CONGRESS,2014,C00397505,2500.0
434,C00079541,NARAL PRO-CHOICE AMERICA PAC,MOORE FOR CONGRESS,2016,C00397505,2500.0
435,C00079541,NARAL PRO-CHOICE AMERICA PAC,JOE KENNEDY FOR CONGRESS,2012,C00512970,2500.0
436,C00079541,NARAL PRO-CHOICE AMERICA PAC,MORAN FOR CONGRESS,2010,C00241349,2500.0
437,C00079541,NARAL PRO-CHOICE AMERICA PAC,JOHN TIERNEY FOR CONGRESS,2012,C00283283,2500.0
438,C00079541,NARAL PRO-CHOICE AMERICA PAC,MOWRER FOR IOWA,2016,C00546549,2500.0
439,C00079541,NARAL PRO-CHOICE AMERICA PAC,MARIE NEWMAN FOR CONGRESS,2022,C00636670,2500.0
440,C00079541,NARAL PRO-CHOICE AMERICA PAC,NADLER FOR CONGRESS,2014,C00290825,2500.0
441,C00079541,NARAL PRO-CHOICE AMERICA PAC,NADLER FOR CONGRESS,2016,C00290825,2500.0
442,C00079541,NARAL PRO-CHOICE AMERICA PAC,KEVIN STROUSE FOR CONGRESS,2014,C00543611,2500.0
443,C00079541,NARAL PRO-CHOICE AMERICA PAC,MALONEY FOR CONGRESS,2014,C00273169,2500.0
444,C00079541,NARAL PRO-CHOICE AMERICA PAC,FRIENDS OF ROSA DELAURO,2016,C00238865,2500.0
445,C00079541,NARAL PRO-CHOICE AMERICA PAC,NANCY PELOSI FOR CONGRESS,2014,C00213512,2500.0
446,C00079541,NARAL PRO-CHOICE AMERICA PAC,NELSON FOR WISCONSIN,2016,C00614115,2500.0
447,C00079541,NARAL PRO-CHOICE AMERICA PAC,NEUHARDT FOR CONGRESS,2012,C00443143,2500.0
448,C00079541,NARAL PRO-CHOICE AMERICA PAC,HORSFORD FOR CONGRESS,2020,C00504613,2500.0
449,C00079541,NARAL PRO-CHOICE AMERICA PAC,KENDRA HORN FOR CONGRESS,2020,C00648915,2500.0
450,C00079541,NARAL PRO-CHOICE AMERICA PAC,JOSH HARDER FOR CONGRESS,2022,C00639146,2500.0
451,C00079541,NARAL PRO-CHOICE AMERICA PAC,JOSH RILEY FOR CONGRESS,2022,C00793760,2500.0
452,C00079541,NARAL PRO-CHOICE AMERICA PAC,NIKI TSONGAS COMMITTEE,2010,C00433136,2500.0
453,C00079541,NARAL PRO-CHOICE AMERICA PAC,NIKI TSONGAS COMMITTEE,2012,C00433136,2500.0
454,C00079541,NARAL PRO-CHOICE AMERICA PAC,FRIENDS OF ROSA DELAURO,2014,C00238865,2500.0
455,C00079541,NARAL PRO-CHOICE AMERICA PAC,HORSFORD FOR CONGRESS,2014,C00504613,2500.0
456,C00079541,NARAL PRO-CHOICE AMERICA PAC,NITA LOWEY FOR CONGRESS,2014,C00219881,2500.0
457,C00079541,NARAL PRO-CHOICE AMERICA PAC,NITA LOWEY FOR CONGRESS,2016,C00219881,2500.0
458,C00079541,NARAL PRO-CHOICE AMERICA PAC,MARK POCAN FOR CONGRESS,2012,C00502179,2500.0
459,C00079541,NARAL PRO-CHOICE AMERICA PAC,KATHY MANNING FOR CONGRESS,2022,C00662577,2500.0
460,C00079541,NARAL PRO-CHOICE AMERICA PAC,KATHLEEN RICE FOR CONGRESS,2014,C00555813,2500.0
461,C00079541,NARAL PRO-CHOICE AMERICA PAC,KATE FOR CONGRESS,2020,C00711630,2500.0
462,C00079541,NARAL PRO-CHOICE AMERICA PAC,PAM BYRNES FOR CONGRESS,2014,C00547174,2500.0
463,C00079541,NARAL PRO-CHOICE AMERICA PAC,MAGAZINER FOR CONGRESS,2022,C00802504,2500.0
464,C00079541,NARAL PRO-CHOICE AMERICA PAC,FRIENDS OF RENTERIA,2014,C00550301,2500.0
465,C00079541,NARAL PRO-CHOICE AMERICA PAC,ALMA ADAMS FOR CONGRESS,2016,C00546358,2500.0
466,C00079541,NARAL PRO-CHOICE AMERICA PAC,PATTY JUDGE FOR IOWA,2016,C00612473,2500.0
467,C00079541,NARAL PRO-CHOICE AMERICA PAC,FRIENDS OF PATRICK MURPHY,2014,C00493825,2500.0
468,C00079541,NARAL PRO-CHOICE AMERICA PAC,PEOPLE FOR BEN,2020,C00443689,2500.0
469,C00079541,NARAL PRO-CHOICE AMERICA PAC,FRIENDS OF MAURICE HINCHEY,2010,C00272633,2500.0
470,C00079541,NARAL PRO-CHOICE AMERICA PAC,JUDY CHU FOR CONGRESS,2014,C00458125,2500.0
471,C00079541,NARAL PRO-CHOICE AMERICA PAC,FRIENDS OF LUCY MCBATH INC.,2022,C00672295,2500.0
472,C00079541,NARAL PRO-CHOICE AMERICA PAC,ALMA ADAMS FOR CONGRESS,2014,C00546358,2500.0
473,C00079541,NARAL PRO-CHOICE AMERICA PAC,FRIENDS OF LUCY MCBATH INC.,2020,C00672295,2500.0
474,C00079541,NARAL PRO-CHOICE AMERICA PAC,JACKIE GORDON FOR CONGRESS,2020,C00706549,2500.0
475,C00079541,NARAL PRO-CHOICE AMERICA PAC,PETE AGUILAR FOR CONGRESS,2014,C00510461,2500.0
476,C00079541,NARAL PRO-CHOICE AMERICA PAC,JUDY CHU FOR CONGRESS,2016,C00458125,2500.0
477,C00079541,NARAL PRO-CHOICE AMERICA PAC,BILL KEATING COMMITTEE,2012,C00479063,2500.0
478,C00079541,NARAL PRO-CHOICE AMERICA PAC,BILL OWENS FOR CONGRESS,2014,C00464495,2500.0
479,C00079541,NARAL PRO-CHOICE AMERICA PAC,BARBARA LEE FOR CONGRESS,2014,C00331769,2500.0
480,C00079541,NARAL PRO-CHOICE AMERICA PAC,PFAFF FOR CONGRESS,2022,C00790543,2500.0
481,C00079541,NARAL PRO-CHOICE AMERICA PAC,BISHOP FOR CONGRESS,2014,C00375618,2500.0
482,C00079541,NARAL PRO-CHOICE AMERICA PAC,BONNIE WATSON COLEMAN FOR CONGRESS,2016,C00558437,2500.0
483,C00079541,NARAL PRO-CHOICE AMERICA PAC,HEALY-ABRAMS FOR CONGRESS,2012,C00509612,2500.0
484,C00079541,NARAL PRO-CHOICE AMERICA PAC,QUIGLEY FOR CONGRESS,2014,C00457556,2500.0
485,C00079541,NARAL PRO-CHOICE AMERICA PAC,BOOKER FOR KENTUCKY,2022,C00783274,2500.0
486,C00079541,NARAL PRO-CHOICE AMERICA PAC,HALEY STEVENS FOR CONGRESS,2022,C00638650,2500.0
487,C00079541,NARAL PRO-CHOICE AMERICA PAC,RANGEL FOR CONGRESS,2012,C00302422,2500.0
488,C00079541,NARAL PRO-CHOICE AMERICA PAC,ALLISON FINE FOR CONGRESS,2020,C00724997,2500.0
489,C00079541,NARAL PRO-CHOICE AMERICA PAC,APPEL FOR IOWA,2014,C00546507,2500.0
490,C00079541,NARAL PRO-CHOICE AMERICA PAC,BRIDGET FLEMING FOR CONGRESS,2022,C00728832,2500.0
491,C00079541,NARAL PRO-CHOICE AMERICA PAC,CAROLYN FOR CONGRESS,2020,C00649376,2500.0
492,C00079541,NARAL PRO-CHOICE AMERICA PAC,CAROLYN FOR CONGRESS,2022,C00649376,2500.0
493,C00079541,NARAL PRO-CHOICE AMERICA PAC,FRIENDS OF CAROLYN MCCARTHY,2012,C00318931,2500.0
494,C00079541,NARAL PRO-CHOICE AMERICA PAC,CASTEN FOR CONGRESS,2020,C00648493,2500.0
495,C00079541,NARAL PRO-CHOICE AMERICA PAC,CHRIS PAPPAS FOR CONGRESS,2020,C00660464,2500.0
496,C00079541,NARAL PRO-CHOICE AMERICA PAC,CITIZENS FOR MICHAEL WAGER,2014,C00538637,2500.0
497,C00079541,NARAL PRO-CHOICE AMERICA PAC,COLIN ALLRED FOR CONGRESS,2022,C00637868,2500.0
498,C00079541,NARAL PRO-CHOICE AMERICA PAC,SANTARSIERO FOR CONGRESS,2016,C00571455,2500.0
499,C00079541,NARAL PRO-CHOICE AMERICA PAC,HALEY STEVENS FOR CONGRESS,2020,C00638650,2500.0
500,C00079541,NARAL PRO-CHOICE AMERICA PAC,MAX ROSE FOR CONGRESS,2022,C00652248,2500.0
501,C00079541,NARAL PRO-CHOICE AMERICA PAC,SCHAKOWSKY FOR CONGRESS,2014,C00327023,2500.0
502,C00079541,NARAL PRO-CHOICE AMERICA PAC,SCHAKOWSKY FOR CONGRESS,2016,C00327023,2500.0
503,C00079541,NARAL PRO-CHOICE AMERICA PAC,COMMITTEE TO ELECT MACDONALD D'ALESSANDRO,2010,C00482299,2500.0
504,C00079541,NARAL PRO-CHOICE AMERICA PAC,SCHNEIDER FOR CONGRESS,2016,C00495952,2500.0
505,C00079541,NARAL PRO-CHOICE AMERICA PAC,LOUISE SLAUGHTER RE-ELECTION COMMITTEE,2016,C00213611,2500.0
506,C00079541,NARAL PRO-CHOICE AMERICA PAC,ERIC SORENSEN FOR ILLINOIS,2022,C00793935,2500.0
507,C00079541,NARAL PRO-CHOICE AMERICA PAC,LOUISE SLAUGHTER RE-ELECTION COMMITTEE,2014,C00213611,2500.0
508,C00079541,NARAL PRO-CHOICE AMERICA PAC,COMMITTEE TO ELECT MARTHA ROBERTSON,2014,C00543785,2500.0
509,C00079541,NARAL PRO-CHOICE AMERICA PAC,COMMITTEE TO RE-ELECT HENRY HANK JOHNSON,2014,C00418293,2500.0
510,C00079541,NARAL PRO-CHOICE AMERICA PAC,CONGRESSMAN WAXMAN CAMPAIGN COMMITTEE,2014,C00013128,2500.0
511,C00079541,NARAL PRO-CHOICE AMERICA PAC,SEAN ELDRIDGE FOR CONGRESS,2014,C00541227,2500.0
512,C00079541,NARAL PRO-CHOICE AMERICA PAC,SEAN PATRICK MALONEY FOR CONGRESS,2022,C00512426,2500.0
513,C00079541,NARAL PRO-CHOICE AMERICA PAC,ENGEL FOR ARIZONA,2022,C00773820,2500.0
514,C00079541,NARAL PRO-CHOICE AMERICA PAC,SHAFFER FOR COLORADO,2012,C00498600,2500.0
515,C00079541,NARAL PRO-CHOICE AMERICA PAC,JACKIE GORDON FOR CONGRESS,2022,C00706549,2500.0
516,C00079541,NARAL PRO-CHOICE AMERICA PAC,ALEX SINK FOR CONGRESS,2014,C00551226,2500.0
517,C00079541,NARAL PRO-CHOICE AMERICA PAC,DAVID SCOTT FOR CONGRESS,2014,C00369801,2500.0
518,C00079541,NARAL PRO-CHOICE AMERICA PAC,WU FOR CONGRESS,2010,C00329292,2500.0
519,C00079541,NARAL PRO-CHOICE AMERICA PAC,WILEY NICKEL FOR CONGRESS,2022,C00763045,2500.0
520,C00079541,NARAL PRO-CHOICE AMERICA PAC,DR. KIM SCHRIER FOR CONGRESS,2020,C00652628,2500.0
521,C00079541,NARAL PRO-CHOICE AMERICA PAC,MARGARET GOOD FOR CONGRESS,2020,C00713222,2500.0
522,C00079541,NARAL PRO-CHOICE AMERICA PAC,SWALWELL FOR CONGRESS,2014,C00502294,2500.0
523,C00079541,NARAL PRO-CHOICE AMERICA PAC,DEFAZIO FOR CONGRESS,2022,C00215905,2500.0
524,C00079541,NARAL PRO-CHOICE AMERICA PAC,BARBARA LEE FOR CONGRESS,2016,C00331769,2500.0
525,C00079541,NARAL PRO-CHOICE AMERICA PAC,VARGAS FOR CONGRESS,2022,C00784371,2500.0
526,C00079541,NARAL PRO-CHOICE AMERICA PAC,DR ALAN GROSS FOR US SENATE,2020,C00710822,2500.0
527,C00079541,NARAL PRO-CHOICE AMERICA PAC,TAMMY FOR ILLINOIS,2022,C00574889,2500.0
528,C00079541,NARAL PRO-CHOICE AMERICA PAC,DELBENE FOR CONGRESS,2014,C00459099,2500.0
529,C00079541,NARAL PRO-CHOICE AMERICA PAC,TERESA FOR ALL,2022,C00704049,2500.0
530,C00079541,NARAL PRO-CHOICE AMERICA PAC,DELGADO FOR CONGRESS,2020,C00633859,2500.0
531,C00079541,NARAL PRO-CHOICE AMERICA PAC,THE COMMITTEE TO ELECT JESSE MERMELL,2020,C00721282,2500.0
532,C00079541,NARAL PRO-CHOICE AMERICA PAC,DONNA EDWARDS FOR CONGRESS,2014,C00422964,2500.0
533,C00079541,NARAL PRO-CHOICE AMERICA PAC,TITUS FOR CONGRESS,2012,C00499467,2500.0
534,C00079541,NARAL PRO-CHOICE AMERICA PAC,DIANA DEGETTE FOR CONGRESS,2014,C00311639,2500.0
535,C00079541,NARAL PRO-CHOICE AMERICA PAC,LON JOHNSON FOR CONGRESS,2016,C00581231,2500.0
536,C00079541,NARAL PRO-CHOICE AMERICA PAC,TIM WALZ FOR US CONGRESS,2012,C00409409,2500.0
537,C00079541,NARAL PRO-CHOICE AMERICA PAC,TIM RYAN FOR CONGRESS,2014,C00373464,2500.0
538,C00079541,NARAL PRO-CHOICE AMERICA PAC,MICHIGAN DEMOCRATIC STATE CENTRAL COMMITTEE/FED AC,2014,C00031054,2500.0
539,C00079541,NARAL PRO-CHOICE AMERICA PAC,ANN CALLIS FOR CONGRESS,2014,C00544486,2500.0
540,C00079541,NARAL PRO-CHOICE AMERICA PAC,JACKIE SPEIER FOR CONGRESS,2014,C00443705,2500.0
541,C00079541,NARAL PRO-CHOICE AMERICA PAC,MIKE LEVIN FOR CONGRESS,2022,C00634253,2500.0
542,C00079541,NARAL PRO-CHOICE AMERICA PAC,JACKIE SPEIER FOR CONGRESS,2016,C00443705,2500.0
543,C00079541,NARAL PRO-CHOICE AMERICA PAC,HOYER FOR CONGRESS,2014,C00140715,2500.0
544,C00079541,NARAL PRO-CHOICE AMERICA PAC,ANDY LEVIN FOR CONGRESS,2022,C00662619,2500.0
545,C00079541,NARAL PRO-CHOICE AMERICA PAC,LAUREN UNDERWOOD FOR CONGRESS,2020,C00652719,2500.0
546,C00079541,NARAL PRO-CHOICE AMERICA PAC,JANICE HAHN FOR CONGRESS,2012,C00493023,2500.0
547,C00079541,NARAL PRO-CHOICE AMERICA PAC,STEVE COHEN FOR CONGRESS,2016,C00422980,2500.0
548,C00079541,NARAL PRO-CHOICE AMERICA PAC,STEVE ISRAEL FOR CONGRESS COMMITTEE,2014,C00358952,2500.0
549,C00079541,NARAL PRO-CHOICE AMERICA PAC,SHANNON HUTCHESON FOR CONGRESS,2020,C00707026,2500.0
550,C00079541,NARAL PRO-CHOICE AMERICA PAC,SHARICE FOR CONGRESS,2020,C00670034,2500.0
551,C00079541,NARAL PRO-CHOICE AMERICA PAC,EMILY CAIN FOR CONGRESS,2014,C00546077,2500.0
552,C00079541,NARAL PRO-CHOICE AMERICA PAC,ELIZABETH PANNILL FLETCHER FOR CONGRESS,2022,C00640045,2500.0
553,C00079541,NARAL PRO-CHOICE AMERICA PAC,CONOLE FOR CONGRESS,2022,C00702191,2500.0
554,C00079541,NARAL PRO-CHOICE AMERICA PAC,MCCLELLAN FOR CONGRESS,2022,C00829812,2500.0
555,C00079541,NARAL PRO-CHOICE AMERICA PAC,CORY BOOKER FOR SENATE,2014,C00540500,2500.0
556,C00079541,NARAL PRO-CHOICE AMERICA PAC,SRI FOR CONGRESS,2020,C00662874,2500.0
557,C00079541,NARAL PRO-CHOICE AMERICA PAC,CROWLEY FOR CONGRESS,2014,C00338954,2500.0
558,C00079541,NARAL PRO-CHOICE AMERICA PAC,ELAINE FOR CONGRESS,2020,C00664375,2500.0
559,C00079541,NARAL PRO-CHOICE AMERICA PAC,ZIMMERMAN FOR CONGRESS,2022,C00801324,2500.0
560,C00079541,NARAL PRO-CHOICE AMERICA PAC,STEVE COHEN FOR CONGRESS,2014,C00422980,2500.0
561,C90004185,NARAL PRO-CHOICE AMERICA,STRATEGIES FOR CHANGE GROUP,2020,S8MI00372,2166.0
562,C00079541,NARAL PRO-CHOICE AMERICA PAC,MIKE LEVIN FOR CONGRESS,2020,C00634253,2034.0
563,C00079541,NARAL PRO-CHOICE AMERICA PAC,MALONEY FOR CONGRESS,2012,C00273169,2000.0
564,C00079541,NARAL PRO-CHOICE AMERICA PAC,HOYER FOR CONGRESS,2012,C00140715,2000.0
565,C00079541,NARAL PRO-CHOICE AMERICA PAC,ARIZONA STATE DEMOCRATIC CENTRAL EXECUTIVE COMMITTEE,2012,C00166710,2000.0
566,C00079541,NARAL PRO-CHOICE AMERICA PAC,HOOSIERS FOR HALE,2020,C00711887,2000.0
567,C00079541,NARAL PRO-CHOICE AMERICA PAC,GRACE FOR NEW YORK,2012,C00516666,2000.0
568,C00079541,NARAL PRO-CHOICE AMERICA PAC,MIKIE SHERRILL FOR CONGRESS,2022,C00640003,2000.0
569,C00079541,NARAL PRO-CHOICE AMERICA PAC,NADLER FOR CONGRESS,2012,C00290825,2000.0
570,C00079541,NARAL PRO-CHOICE AMERICA PAC,NANCY GOROFF FOR CONGRESS,2020,C00711564,2000.0
571,C00079541,NARAL PRO-CHOICE AMERICA PAC,AMY KENNEDY FOR CONGRESS,2020,C00732545,2000.0
572,C00079541,NARAL PRO-CHOICE AMERICA PAC,NEVADANS FOR STEVEN HORSFORD,2022,C00504613,2000.0
573,C00079541,NARAL PRO-CHOICE AMERICA PAC,NITA LOWEY FOR CONGRESS,2012,C00219881,2000.0
574,C00079541,NARAL PRO-CHOICE AMERICA PAC,NOLAN FOR CONGRESS VOLUNTEER COMMITTEE,2016,C00499053,2000.0
575,C00079541,NARAL PRO-CHOICE AMERICA PAC,FRIENDS OF ROSA DELAURO,2012,C00238865,2000.0
576,C00079541,NARAL PRO-CHOICE AMERICA PAC,PATRICIA TIMMONS GOODSON FOR CONGRESS,2020,C00732800,2000.0
577,C00079541,NARAL PRO-CHOICE AMERICA PAC,FRIENDS OF MICHELLE,2014,C00501254,2000.0
578,C90004185,NARAL PRO-CHOICE AMERICA,NEW MEDIA FIRM,2016,P80001571,2000.0
579,C00079541,NARAL PRO-CHOICE AMERICA PAC,FRIENDS OF JAHANA HAYES,2022,C00677898,2000.0
580,C00079541,NARAL PRO-CHOICE AMERICA PAC,QUIGLEY FOR CONGRESS,2012,C00457556,2000.0
581,C00079541,NARAL PRO-CHOICE AMERICA PAC,"RAJ GOYLE FOR CONGRESS, INC.",2010,C00464735,2000.0
582,C00079541,NARAL PRO-CHOICE AMERICA PAC,FRIENDS OF DAN KILDEE,2022,C00499947,2000.0
583,C00079541,NARAL PRO-CHOICE AMERICA PAC,FINELLO FOR CONGRESS,2020,C00713693,2000.0
584,C00079541,NARAL PRO-CHOICE AMERICA PAC,SCHAKOWSKY FOR CONGRESS,2012,C00327023,2000.0
585,C00079541,NARAL PRO-CHOICE AMERICA PAC,SCHOLTEN FOR CONGRESS,2020,C00711317,2000.0
586,C00079541,NARAL PRO-CHOICE AMERICA PAC,SCHUPP FOR CONGRESS,2020,C00729558,2000.0
587,C00079541,NARAL PRO-CHOICE AMERICA PAC,ELISSA SLOTKIN FOR CONGRESS,2022,C00650150,2000.0
588,C00079541,NARAL PRO-CHOICE AMERICA PAC,STEVE ISRAEL FOR CONGRESS COMMITTEE,2012,C00358952,2000.0
589,C00079541,NARAL PRO-CHOICE AMERICA PAC,DR. CAMERON WEBB FOR CONGRESS,2020,C00714964,2000.0
590,C00079541,NARAL PRO-CHOICE AMERICA PAC,DR. ASIF MAHMOOD FOR CONGRESS,2022,C00801688,2000.0
591,C00079541,NARAL PRO-CHOICE AMERICA PAC,DONNA EDWARDS FOR CONGRESS,2012,C00422964,2000.0
592,C00079541,NARAL PRO-CHOICE AMERICA PAC,DIANE FOR CO,2020,C00707638,2000.0
593,C00079541,NARAL PRO-CHOICE AMERICA PAC,DIANA DEGETTE FOR CONGRESS,2012,C00311639,2000.0
594,C00079541,NARAL PRO-CHOICE AMERICA PAC,WEXTON FOR CONGRESS,2022,C00638023,2000.0
595,C00079541,NARAL PRO-CHOICE AMERICA PAC,WILL ROLLINS FOR CONGRESS,2022,C00792507,2000.0
596,C00079541,NARAL PRO-CHOICE AMERICA PAC,CROWLEY FOR CONGRESS,2012,C00338954,2000.0
597,C00079541,NARAL PRO-CHOICE AMERICA PAC,CHRISSY HOULAHAN FOR CONGRESS,2022,C00637371,2000.0
598,C00079541,NARAL PRO-CHOICE AMERICA PAC,JUDY CHU FOR CONGRESS,2012,C00458125,2000.0
599,C00079541,NARAL PRO-CHOICE AMERICA PAC,JOYCE ELLIOTT FOR CONGRESS,2020,C00726943,2000.0
600,C00079541,NARAL PRO-CHOICE AMERICA PAC,KATIE PORTER FOR CONGRESS,2022,C00636571,2000.0
601,C00079541,NARAL PRO-CHOICE AMERICA PAC,KERMIT JONES FOR CONGRESS,2022,C00786087,2000.0
602,C00079541,NARAL PRO-CHOICE AMERICA PAC,KUSTER FOR CONGRESS,2022,C00462861,2000.0
603,C00079541,NARAL PRO-CHOICE AMERICA PAC,JACKIE SPEIER FOR CONGRESS,2012,C00443705,2000.0
604,C90021064,NARAL PRO-CHOICE MISSOURI,ALL MAIL USA,2020,H0MO02254,1876.0
605,C70002761,NARAL PRO-CHOICE AMERICA,,2010,S0CO00237,1802.0
606,C90004185,NARAL PRO-CHOICE AMERICA,STRATEGIES FOR CHANGE GROUP,2020,S4NC00162,1702.0
607,C70002761,NARAL PRO-CHOICE AMERICA,,2010,S0NV00138,1535.0
608,C70002761,NARAL PRO-CHOICE AMERICA,,2010,H8MI07096,1535.0
609,C00079541,NARAL PRO-CHOICE AMERICA PAC,TERRI SEWELL FOR CONGRESS,2014,C00458976,1500.0
610,C00079541,NARAL PRO-CHOICE AMERICA PAC,KEITH ELLISON FOR CONGRESS,2014,C00422410,1500.0
611,C00079541,NARAL PRO-CHOICE AMERICA PAC,THE MARKEY COMMITTEE,2020,C00175059,1500.0
612,C70002761,NARAL PRO-CHOICE AMERICA,,2012,H6IL06141,1452.0
613,C70002761,NARAL PRO-CHOICE AMERICA,,2012,H2FL22072,1452.0
614,C70002761,NARAL PRO-CHOICE AMERICA,,2012,H2IA04117,1452.0
615,C70002761,NARAL PRO-CHOICE AMERICA,,2012,H2IA05072,1452.0
616,C70002761,NARAL PRO-CHOICE AMERICA,,2012,H0IL08090,1452.0
617,C70002761,NARAL PRO-CHOICE AMERICA,,2012,S6OH00163,1452.0
618,C90004185,NARAL PRO-CHOICE AMERICA,"ROPE LINE MEDIA, LLC",2020,S0SC00149,1200.0
619,C90004185,NARAL PRO-CHOICE AMERICA,"ROPE LINE MEDIA, LLC",2020,S4NC00162,1200.0
620,C90004185,NARAL PRO-CHOICE AMERICA,"ROPE LINE MEDIA, LLC",2020,S4CO00395,1200.0
621,C90004185,NARAL PRO-CHOICE AMERICA,"ROPE LINE MEDIA, LLC",2020,S4IA00129,1200.0
622,C90004185,NARAL PRO-CHOICE AMERICA,"ROPE LINE MEDIA, LLC",2020,S2TX00106,1200.0
623,C00079541,NARAL PRO-CHOICE AMERICA PAC,QUINN NYSTROM FOR CONGRESS,2020,C00721498,1123.0
624,C90004185,NARAL PRO-CHOICE AMERICA,CONTROL POINT GROUP,2016,P60003670,1080.0
625,C00401455,NARAL PRO-CHOICE WASHINGTON STAND UP FOR A PRO-CHOICE FUTURE,NARAL PRO-CHOICE WASHINGTON STAND,2010,S2WA00189,1036.0
626,C00079541,NARAL PRO-CHOICE AMERICA PAC,JON HOADLEY FOR CONGRESS,2020,C00701599,1034.0
627,C00079541,NARAL PRO-CHOICE AMERICA PAC,NADLER FOR CONGRESS,2020,C00290825,1013.0
628,C00079541,NARAL PRO-CHOICE AMERICA PAC,SCHAKOWSKY FOR CONGRESS,2020,C00327023,1013.0
629,C90021064,NARAL PRO-CHOICE MISSOURI,THE INK SPOT INC,2020,H0MO02254,1010.0
630,C70002761,NARAL PRO-CHOICE AMERICA,,2016,P80003478,1002.0
631,C00079541,NARAL PRO-CHOICE AMERICA PAC,ALEX PADILLA FOR SENATE,2022,C00765164,1000.0
632,C00079541,NARAL PRO-CHOICE AMERICA PAC,MONICA TRANEL FOR MONTANA,2022,C00783696,1000.0
633,C00079541,NARAL PRO-CHOICE AMERICA PAC,MORGAN MCGARVEY FOR CONGRESS,2022,C00791392,1000.0
634,C00079541,NARAL PRO-CHOICE AMERICA PAC,BILL FOSTER FOR CONGRESS,2022,C00435099,1000.0
635,C00079541,NARAL PRO-CHOICE AMERICA PAC,DELGADO FOR CONGRESS,2022,C00633859,1000.0
636,C00079541,NARAL PRO-CHOICE AMERICA PAC,VAN HOLLEN FOR SENATE,2022,C00573758,1000.0
637,C00079541,NARAL PRO-CHOICE AMERICA PAC,DR. ANNIE ANDREWS FOR CONGRESS,2022,C00793638,1000.0
638,C00079541,NARAL PRO-CHOICE AMERICA PAC,KIM MYERS FOR CONGRESS,2016,C00610642,1000.0
639,C00079541,NARAL PRO-CHOICE AMERICA PAC,DANIELS FOR CONGRESS,2022,C00811174,1000.0
640,C00079541,NARAL PRO-CHOICE AMERICA PAC,EHASZ FOR CONGRESS,2022,C00791335,1000.0
641,C00079541,NARAL PRO-CHOICE AMERICA PAC,ELECT CAROLYN LONG,2020,C00660472,1000.0
642,C00079541,NARAL PRO-CHOICE AMERICA PAC,KEVIN MULLIN FOR CONGRESS,2022,C00795005,1000.0
643,C00079541,NARAL PRO-CHOICE AMERICA PAC,SYLVIA GARCIA FOR CONGRESS,2022,C00660555,1000.0
644,C00079541,NARAL PRO-CHOICE AMERICA PAC,DEFAZIO FOR CONGRESS,2020,C00215905,1000.0
645,C00079541,NARAL PRO-CHOICE AMERICA PAC,LORI TRAHAN FOR CONGRESS COMMITTEE,2020,C00655647,1000.0
646,C00079541,NARAL PRO-CHOICE AMERICA PAC,NIKEMA FOR CONGRESS,2020,C00752584,1000.0
647,C00079541,NARAL PRO-CHOICE AMERICA PAC,SIMA FOR TEXAS,2020,C00730408,1000.0
648,C00079541,NARAL PRO-CHOICE AMERICA PAC,NIKEMA FOR CONGRESS,2022,C00752584,1000.0
649,C00079541,NARAL PRO-CHOICE AMERICA PAC,ALYSE FOR ALASKA,2020,C00665711,1000.0
650,C00079541,NARAL PRO-CHOICE AMERICA PAC,KATHERINE CLARK FOR CONGRESS,2020,C00541888,1000.0
651,C00079541,NARAL PRO-CHOICE AMERICA PAC,SEAN MELOY FOR CONGRESS,2022,C00793612,1000.0
652,C00079541,NARAL PRO-CHOICE AMERICA PAC,TOKUDA FOR HAWAII,2022,C00813758,1000.0
653,C00079541,NARAL PRO-CHOICE AMERICA PAC,SUOZZI 2016,2016,C00607200,1000.0
654,C00079541,NARAL PRO-CHOICE AMERICA PAC,GRETCHEN DRISKELL FOR CONGRESS,2016,C00572859,1000.0
655,C00079541,NARAL PRO-CHOICE AMERICA PAC,SUMMER LEE FOR CONGRESS,2022,C00791780,1000.0
656,C00079541,NARAL PRO-CHOICE AMERICA PAC,WYDEN FOR SENATE,2022,C00308676,1000.0
657,C00079541,NARAL PRO-CHOICE AMERICA PAC,KATHERINE CLARK FOR CONGRESS,2014,C00541888,1000.0
658,C00079541,NARAL PRO-CHOICE AMERICA PAC,KARA EASTMAN FOR CONGRESS,2020,C00639310,1000.0
659,C00079541,NARAL PRO-CHOICE AMERICA PAC,ZEPHYR TEACHOUT FOR CONGRESS,2016,C00608174,1000.0
660,C00079541,NARAL PRO-CHOICE AMERICA PAC,STEPHEN DANIEL FOR CONGRESS,2020,C00711739,1000.0
661,C00079541,NARAL PRO-CHOICE AMERICA PAC,PEOPLE FOR PATTY MURRAY,2012,C00257642,1000.0
662,C00079541,NARAL PRO-CHOICE AMERICA PAC,JUDY CHU FOR CONGRESS,2020,C00458125,1000.0
663,C00079541,NARAL PRO-CHOICE AMERICA PAC,WELCH FOR VERMONT,2022,C00795252,1000.0
664,C00079541,NARAL PRO-CHOICE AMERICA PAC,BOWMAN FOR CONGRESS,2020,C00709196,1000.0
665,C00079541,NARAL PRO-CHOICE AMERICA PAC,MIKE SIEGEL FOR CONGRESS,2020,C00662668,1000.0
666,C00079541,NARAL PRO-CHOICE AMERICA PAC,JAMES MACKLER FOR US SENATE,2020,C00637850,1000.0
667,C00079541,NARAL PRO-CHOICE AMERICA PAC,GIVING WILLINGLY EMPOWERING NATIONALLY (GWEN) PAC,2020,C00431478,1000.0
668,C00079541,NARAL PRO-CHOICE AMERICA PAC,BRYAN CAFORIO FOR CONGRESS,2016,C00597724,1000.0
669,C00079541,NARAL PRO-CHOICE AMERICA PAC,BARBARA LEE FOR CONGRESS,2020,C00541888,1000.0
670,C00079541,NARAL PRO-CHOICE AMERICA PAC,BECCA BALINT FOR VERMONT,2022,C00797175,1000.0
671,C00079541,NARAL PRO-CHOICE AMERICA PAC,BENNET FOR COLORADO,2014,C00458398,1000.0
672,C00079541,NARAL PRO-CHOICE AMERICA PAC,BRYNNE KENNEDY FOR CONGRESS,2020,C00704650,1000.0
673,C00079541,NARAL PRO-CHOICE AMERICA PAC,ROBERT GARCIA FOR CONGRESS,2022,C00797795,1000.0
674,C00079541,NARAL PRO-CHOICE AMERICA PAC,ERICA FOR US,2022,C00696104,1000.0
675,C00079541,NARAL PRO-CHOICE AMERICA PAC,FRIENDS OF DANA BALTER,2020,C00655183,1000.0
676,C00079541,NARAL PRO-CHOICE AMERICA PAC,ERIN BILBRAY FOR CONGRESS,2014,C00546390,1000.0
677,C00079541,NARAL PRO-CHOICE AMERICA PAC,COLLEEN DEACON FOR CONGRESS,2016,C00588483,1000.0
678,C00079541,NARAL PRO-CHOICE AMERICA PAC,FOUSHEE FOR CONGRESS,2022,C00794727,1000.0
679,C00079541,NARAL PRO-CHOICE AMERICA PAC,COHN FOR CONGRESS 2020,2020,C00718650,1000.0
680,C00079541,NARAL PRO-CHOICE AMERICA PAC,FRIENDS OF ANNA THRONE-HOLST,2016,C00578401,1000.0
681,C00079541,NARAL PRO-CHOICE AMERICA PAC,MAXWELL ALEJANDRO FROST FOR CONGRESS,2022,C00786822,1000.0
682,C00079541,NARAL PRO-CHOICE AMERICA PAC,CHRISSY HOULAHAN FOR CONGRESS,2020,C00637371,1000.0
683,C00079541,NARAL PRO-CHOICE AMERICA PAC,CHRIS BUBSER FOR CONGRESS,2020,C00701284,1000.0
684,C00079541,NARAL PRO-CHOICE AMERICA PAC,MARC VEASEY CONGRESSIONAL CAMPAIGN COMMITTEE,2016,C00506832,1000.0
685,C00079541,NARAL PRO-CHOICE AMERICA PAC,GIFFORDS FOR CONGRESS,2012,C00417618,1000.0
686,C00079541,NARAL PRO-CHOICE AMERICA PAC,JASMINE FOR US,2022,C00795450,1000.0
687,C00079541,NARAL PRO-CHOICE AMERICA PAC,MONDAIRE FOR CONGRESS,2020,C00711150,1000.0
688,C00079541,NARAL PRO-CHOICE AMERICA PAC,DAN PASTORE FOR CONGRESS,2022,C00799130,1000.0
689,C00079541,NARAL PRO-CHOICE AMERICA PAC,UNITED WITH DELIA FOR CONGRESS,2022,C00796672,1000.0
690,C00079541,NARAL PRO-CHOICE AMERICA PAC,PRAMILA FOR CONGRESS,2020,C00605592,1000.0
691,C00079541,NARAL PRO-CHOICE AMERICA PAC,FRIENDS OF DESIREE TIMS,2020,C00713743,1000.0
692,C00079541,NARAL PRO-CHOICE AMERICA PAC,HOYER FOR CONGRESS,2020,C00140715,1000.0
693,C00079541,NARAL PRO-CHOICE AMERICA PAC,BARBARA LEE FOR CONGRESS,2022,C00331769,1000.0
694,C00079541,NARAL PRO-CHOICE AMERICA PAC,JUDY CHU FOR CONGRESS,2022,C00458125,1000.0
695,C00079541,NARAL PRO-CHOICE AMERICA PAC,ANN ROE FOR CONGRESS,2022,C00784587,1000.0
696,C00079541,NARAL PRO-CHOICE AMERICA PAC,FRIENDS OF LOIS CAPPS,2014,C00331389,1000.0
697,C90021064,NARAL PRO-CHOICE MISSOURI,ALL MAIL USA,2020,H0MO04235,938.0
698,C00401455,NARAL PRO-CHOICE WASHINGTON STAND UP FOR A PRO-CHOICE FUTURE,"MURRAY, PATTY",2010,C00257642,800.0
699,C70002761,NARAL PRO-CHOICE AMERICA,,2012,H2AZ08094,764.0
700,C00079541,NARAL PRO-CHOICE AMERICA PAC,MARK KELLEY FOR SENATE,2020,C00696526,603.0
701,C70002761,NARAL PRO-CHOICE AMERICA,,2010,H6CA24113,550.0
702,C70002761,NARAL PRO-CHOICE AMERICA,,2010,H0CA10149,550.0
703,C70002761,NARAL PRO-CHOICE AMERICA,,2010,H0CA15148,550.0
704,C70002761,NARAL PRO-CHOICE AMERICA,,2010,H0CA33117,550.0
705,C70002761,NARAL PRO-CHOICE AMERICA,,2010,H0CA45053,550.0
706,C70002761,NARAL PRO-CHOICE AMERICA,,2010,H0CA48131,550.0
707,C70002761,NARAL PRO-CHOICE AMERICA,,2010,H0CA49055,550.0
708,C70002761,NARAL PRO-CHOICE AMERICA,,2010,H2CA01045,550.0
709,C70002761,NARAL PRO-CHOICE AMERICA,,2010,H2CA26026,550.0
710,C70002761,NARAL PRO-CHOICE AMERICA,,2010,H2CA27107,550.0
711,C70002761,NARAL PRO-CHOICE AMERICA,,2010,H2CA33048,550.0
712,C70002761,NARAL PRO-CHOICE AMERICA,,2010,H2CA39078,550.0
713,C70002761,NARAL PRO-CHOICE AMERICA,,2010,H2CA50034,550.0
714,C70002761,NARAL PRO-CHOICE AMERICA,,2010,H4CA11081,550.0
715,C70002761,NARAL PRO-CHOICE AMERICA,,2010,H4CA16049,550.0
716,C70002761,NARAL PRO-CHOICE AMERICA,,2010,H4CA17021,550.0
717,C70002761,NARAL PRO-CHOICE AMERICA,,2010,H4CA23011,550.0
718,C70002761,NARAL PRO-CHOICE AMERICA,,2010,H4CA50055,550.0
719,C70002761,NARAL PRO-CHOICE AMERICA,,2010,H6CA05195,550.0
720,C70002761,NARAL PRO-CHOICE AMERICA,,2010,H6CA07043,550.0
721,C70002761,NARAL PRO-CHOICE AMERICA,,2010,H6CA09023,550.0
722,C70002761,NARAL PRO-CHOICE AMERICA,,2010,H6CA46033,550.0
723,C70002761,NARAL PRO-CHOICE AMERICA,,2010,H8CA01109,550.0
724,C70002761,NARAL PRO-CHOICE AMERICA,,2010,H8CA05035,550.0
725,C70002761,NARAL PRO-CHOICE AMERICA,,2010,H8CA09060,550.0
726,C70002761,NARAL PRO-CHOICE AMERICA,,2010,H8CA12098,550.0
727,C70002761,NARAL PRO-CHOICE AMERICA,,2010,H8CA12171,550.0
728,C70002761,NARAL PRO-CHOICE AMERICA,,2010,H8CA22089,550.0
729,C70002761,NARAL PRO-CHOICE AMERICA,,2010,H8CA34068,550.0
730,C70002761,NARAL PRO-CHOICE AMERICA,,2010,H8CA37137,550.0
731,C70002761,NARAL PRO-CHOICE AMERICA,,2010,H8CA44091,550.0
732,C70002761,NARAL PRO-CHOICE AMERICA,,2014,S4KY00091,535.0
733,C70002761,NARAL PRO-CHOICE AMERICA,,2014,S2KY00012,535.0
734,C90021064,NARAL PRO-CHOICE MISSOURI,THE INK SPOT INC.,2020,H0MO04235,505.0
735,C00079541,NARAL PRO-CHOICE AMERICA PAC,RO FOR CONGRESS INC,2020,C00503185,500.0
736,C00079541,NARAL PRO-CHOICE AMERICA PAC,MIKE HONDA FOR CONGRESS,2016,C00351379,500.0
737,C00079541,NARAL PRO-CHOICE AMERICA PAC,PAC FOR A CHANGE,2016,C00342048,500.0
738,C00079541,NARAL PRO-CHOICE AMERICA PAC,CONGRESSIONAL BLACK CAUCUS PAC,2016,C00147512,500.0
739,C00401455,NARAL PRO-CHOICE WASHINGTON STAND UP FOR A PRO-CHOICE FUTURE,MURRAY VICTORY 2010,2010,C00468744,450.0
740,C00401455,NARAL PRO-CHOICE WASHINGTON STAND UP FOR A PRO-CHOICE FUTURE,NARAL PRO-CHOICE WASHINGTON STAND,2010,H2WA04090,407.0
741,C70002761,NARAL PRO-CHOICE AMERICA,,2010,H6CA34112,331.0
742,C90004185,NARAL PRO-CHOICE AMERICA,THREE POINT MEDIA,2020,H8IL03102,303.0
743,C00401455,NARAL PRO-CHOICE WASHINGTON STAND UP FOR A PRO-CHOICE FUTURE,FRIENDS FOR JIM MCDERMOTT,2010,C00223073,300.0
744,C70002761,NARAL PRO-CHOICE AMERICA,,2010,S6DE00131,267.0
745,C00401455,NARAL PRO-CHOICE WASHINGTON STAND UP FOR A PRO-CHOICE FUTURE,PEOPLE FOR PATTY MURRAY,2010,C00257642,250.0
746,C70002761,NARAL PRO-CHOICE AMERICA,,2014,S4IA00087,228.0
747,C70002761,NARAL PRO-CHOICE AMERICA,,2010,S0PA00434,228.0
748,C00401455,NARAL PRO-CHOICE WASHINGTON STAND UP FOR A PRO-CHOICE FUTURE,NARAL PRO-CHOICE WASHINGTON STAND,2010,H0WA03161,225.0
749,C00401455,NARAL PRO-CHOICE WASHINGTON STAND UP FOR A PRO-CHOICE FUTURE,NARAL PRO-CHOICE WASHINGTON STAND,2010,H0WA02080,224.0
750,C90021064,NARAL PRO-CHOICE MISSOURI,"LEVI, JOSH",2020,H0MO02254,222.0
751,C00079541,NARAL PRO-CHOICE AMERICA PAC,JON OSSOFF FOR SENATE,2022,C00718866,210.0
752,C70002761,NARAL PRO-CHOICE AMERICA,,2010,S0CO00211,192.0
753,C70002761,NARAL PRO-CHOICE AMERICA,,2010,H0AZ03362,191.0
754,C70002761,NARAL PRO-CHOICE AMERICA,,2014,S4NJ00185,186.0
755,C70002761,NARAL PRO-CHOICE AMERICA,,2014,S4MI00355,183.0
756,C70002761,NARAL PRO-CHOICE AMERICA,,2010,S0IL00204,148.0
757,C70002761,NARAL PRO-CHOICE AMERICA,,2012,S2NV00209,148.0
758,C70002761,NARAL PRO-CHOICE AMERICA,,2010,S0FL00312,137.0
759,C00401455,NARAL PRO-CHOICE WASHINGTON STAND UP FOR A PRO-CHOICE FUTURE,NARAL PRO-CHOICE WASHINGTON STAND,2010,H6WA09025,126.0
760,C70002761,NARAL PRO-CHOICE AMERICA,,2014,S8MN00438,121.0
761,C90021064,NARAL PRO-CHOICE MISSOURI,"LEVI, JOSH",2020,H0MO04235,111.0
762,C70002761,NARAL PRO-CHOICE AMERICA,,2012,S2NM00088,109.0
763,C70002761,NARAL PRO-CHOICE AMERICA,,2012,H2NY00036,109.0
764,C00079541,NARAL PRO-CHOICE AMERICA PAC,AMMAR CAMPA-NAJJAR FOR CONGRESS,2020,C00635888,108.0
765,C00401455,NARAL PRO-CHOICE WASHINGTON STAND UP FOR A PRO-CHOICE FUTURE,FRIENDS FOR JIM MCDERMOTT,2012,C00223073,100.0
766,C70002761,NARAL PRO-CHOICE AMERICA,,2014,S8CO00172,78.0
767,C70002761,NARAL PRO-CHOICE AMERICA,,2010,S4PA00121,76.0
768,C70002761,NARAL PRO-CHOICE AMERICA,,2010,S0NH00235,76.0
769,C70002761,NARAL PRO-CHOICE AMERICA,,2014,H2AZ08094,70.0
770,C00079541,NARAL PRO-CHOICE AMERICA PAC,ALYCE FOR ALASKA,2020,C00665711,68.0
771,C70002761,NARAL PRO-CHOICE AMERICA,,2014,S8NM00184,57.0
772,C00079541,NARAL PRO-CHOICE AMERICA PAC,PETE AGUILAR FOR CONGRESS,2020,C00510461,54.0
773,C00401455,NARAL PRO-CHOICE WASHINGTON STAND UP FOR A PRO-CHOICE FUTURE,NARAL PRO-CHOICE WASHINGTON STAND,2010,H0WA08046,52.0
774,C00079541,NARAL PRO-CHOICE AMERICA PAC,SWALWELL FOR CONGRESS,2020,C00502294,50.0
775,C70002761,NARAL PRO-CHOICE AMERICA,,2012,H2NY17071,39.0
776,C70002761,NARAL PRO-CHOICE AMERICA,,2012,H6CO01141,39.0
777,C70002761,NARAL PRO-CHOICE AMERICA,,2012,H6CA24048,39.0
778,C70002761,NARAL PRO-CHOICE AMERICA,,2012,H4WI04183,39.0
779,C70002761,NARAL PRO-CHOICE AMERICA,,2012,H4FL20023,39.0
780,C70002761,NARAL PRO-CHOICE AMERICA,,2012,H2NY14037,39.0
781,C70002761,NARAL PRO-CHOICE AMERICA,,2012,H6MD04183,39.0
782,C70002761,NARAL PRO-CHOICE AMERICA,,2012,H8NY20056,39.0
783,C70002761,NARAL PRO-CHOICE AMERICA,,2012,H2MD05155,39.0
784,C70002761,NARAL PRO-CHOICE AMERICA,,2012,H6NY03031,39.0
785,C70002761,NARAL PRO-CHOICE AMERICA,,2012,H0NY02085,39.0
786,C70002761,NARAL PRO-CHOICE AMERICA,,2012,H0IL05096,39.0
787,C70002761,NARAL PRO-CHOICE AMERICA,,2012,H0CT03072,39.0
788,C70002761,NARAL PRO-CHOICE AMERICA,,2012,H0CA32101,39.0
789,C70002761,NARAL PRO-CHOICE AMERICA,,2012,H8CA05035,39.0
790,C70002761,NARAL PRO-CHOICE AMERICA,,2012,H8CA09060,39.0
791,C70002761,NARAL PRO-CHOICE AMERICA,,2012,H8CA12171,39.0
792,C70002761,NARAL PRO-CHOICE AMERICA,,2012,H8CA22089,39.0
793,C70002761,NARAL PRO-CHOICE AMERICA,,2012,S2WI00219,39.0
794,C70002761,NARAL PRO-CHOICE AMERICA,,2012,H8IL09067,39.0
795,C70002761,NARAL PRO-CHOICE AMERICA,,2012,H8NY07046,39.0
796,C00079541,NARAL PRO-CHOICE AMERICA PAC,TJ COX FOR CONGRESS,2020,C00648956,34.0
797,C00079541,NARAL PRO-CHOICE AMERICA PAC,MAD 4 PA PAC,2020,C00670844,34.0
798,C00079541,NARAL PRO-CHOICE AMERICA PAC,DEAN PHILLIPS FOR CONGRESS,2020,C00640714,34.0
799,C00079541,NARAL PRO-CHOICE AMERICA PAC,MARK POCAN FOR CONGRESS,2020,C00502179,34.0
800,C00079541,NARAL PRO-CHOICE AMERICA PAC,MOORE FOR CONGRESS,2020,C00397505,34.0
801,C90004185,NARAL PRO-CHOICE AMERICA,FACEBOOK,2016,P00003392,30.0
802,C70002761,NARAL PRO-CHOICE AMERICA,,2010,H6CA24048,2.0
803,C70002761,NARAL PRO-CHOICE AMERICA,,2010,H0CA32101,2.0
804,C70002761,NARAL PRO-CHOICE AMERICA,,2010,H0CA27085,2.0
805,C70002761,NARAL PRO-CHOICE AMERICA,,2010,H2CA30143,2.0
806,C00079541,NARAL PRO-CHOICE AMERICA PAC,ALL FOR OUR COUNTRY LEADERSHIP PAC,2020,C00629212,0.0
807,C00079541,NARAL PRO-CHOICE AMERICA PAC,CONNIE SALTONSTALL FOR CONGRESS,2010,C00478842,0.0
808,C00079541,NARAL PRO-CHOICE AMERICA PAC,BERMAN FOR CONGRESS,2014,C00147686,-500.0
809,C00079541,NARAL PRO-CHOICE AMERICA PAC,TIM BISHOP FOR CONGRESS,2014,C00375618,-2500.0
810,C00079541,NARAL PRO-CHOICE AMERICA PAC,MCNERNEY FOR CONGRESS,2014,C00398644,-5000.0
811,C00079541,NARAL PRO-CHOICE AMERICA PAC,FRIENDS OF JEANNE SHAHEEN,2016,C00457325,-5000.0
812,C00079541,NARAL PRO-CHOICE AMERICA PAC,MARTHA COAKLEY FOR SENATE COMMITTEE,2014,C00466573,-5000.0
813,C00079541,NARAL PRO-CHOICE AMERICA PAC,ALISON FOR KENTUCKY,2016,C00547083,-5000.0
814,C70005129,NARAL PRO-CHOICE MINNESOTA,,2014,,
815,C70005129,NARAL PRO-CHOICE MINNESOTA,,2016,,
816,C90015306,NARAL PROCHOICE COLORADO IE COMMITTEE,,2018,,
817,C70005129,NARAL PRO-CHOICE MINNESOTA,,2018,,
818,C90015306,NARAL PROCHOICE COLORADO IE COMMITTEE,,2016,,
819,C70004213,NARAL PRO-CHOICE MASSACHUSETTS,,2018,,
820,C00401455,NARAL PRO-CHOICE WASHINGTON STAND UP FOR A PRO-CHOICE FUTURE,,2016,,
821,C00401455,NARAL PRO-CHOICE WASHINGTON STAND UP FOR A PRO-CHOICE FUTURE,,2014,,
822,C70004213,NARAL PRO-CHOICE MASSACHUSETTS,,2016,,
823,C70003892,NARAL PRO-CHOICE NEW HAMPSHIRE,,2016,,
824,C90021064,NARAL PRO-CHOICE MISSOURI,,2022,,
825,C70005129,NARAL PRO-CHOICE MINNESOTA,,2010,,
826,C70003892,NARAL PRO-CHOICE NEW HAMPSHIRE,,2018,,
827,C70005129,NARAL PRO-CHOICE MINNESOTA,,2012,,
828,C70002761,NARAL PRO-CHOICE AMERICA,,2018,,
829,C00079541,NARAL PRO-CHOICE AMERICA PAC,,2018,,
830,C70004213,NARAL PRO-CHOICE MASSACHUSETTS,,2020,,
831,C90004185,NARAL PRO-CHOICE AMERICA,,2018,,
