,cmte_id,cmte_nm,name,other_id,sum
0,C00489799,PLANNED PARENTHOOD VOTES,SMP,C00484642,2950000.0
1,C00489799,PLANNED PARENTHOOD VOTES,WATERFRONT STRATEGIES,S2PA00638,2920679.0
2,C00489799,PLANNED PARENTHOOD VOTES,MI PLANNED PARENTHOOD VOTES,C00568931,1340000.0
3,C00489799,PLANNED PARENTHOOD VOTES,NEVADA ADVOCATES FOR PLANNED PARENTHOOD AFFILIATES PAC (NAPPA PAC),C00685289,1000000.0
4,C00489799,PLANNED PARENTHOOD VOTES,DEMOCRACY PAC,C00693382,1000000.0
5,C00489799,PLANNED PARENTHOOD VOTES,GAMBIT STRATEGIES,S2PA00638,799999.0
6,C00684530,PLANNED PARENTHOOD OF MINNESOTA POLITICAL ACTION FUND,PLANNED PARENTHOOD VOTES,C00489799,650000.0
7,C00489799,PLANNED PARENTHOOD VOTES,SCALE FOR CHANGE,S0GA00559,491467.0
8,C00489799,PLANNED PARENTHOOD VOTES,STRATEGIC VICTORY FUND IE PAC,C00741769,475000.0
9,C00489799,PLANNED PARENTHOOD VOTES,PLANNED PARENTHOOD VOTES OHIO,C00663724,400000.0
10,C00489799,PLANNED PARENTHOOD VOTES,50+1 STRATEGIES,S2AZ00372,297948.0
11,C00685289,NEVADA ADVOCATES FOR PLANNED PARENTHOOD AFFILIATES PAC (NAPPA PAC),SCALE FOR CHANGE,S6NV00200,282619.0
12,C00489799,PLANNED PARENTHOOD VOTES,DAGA PAC,C00638320,250000.0
13,C00489799,PLANNED PARENTHOOD VOTES,SEIU COPE (SERVICE EMPLOYEES INTERNATIONAL UNION COMMITTEE ON POLITICAL EDUCATION),C00004036,250000.0
14,C00489799,PLANNED PARENTHOOD VOTES,SCALE FOR CHANGE,S2NC00497,217507.0
15,C00685289,NEVADA ADVOCATES FOR PLANNED PARENTHOOD AFFILIATES PAC (NAPPA PAC),50+1 STRATEGIES LLC,S2NV00324,207740.0
16,C00489799,PLANNED PARENTHOOD VOTES,"THE OUTREACH TEAM, LLC",S8GA00180,177785.0
17,C00685289,NEVADA ADVOCATES FOR PLANNED PARENTHOOD AFFILIATES PAC (NAPPA PAC),NEVADA ADVOCATES FOR PLANNED PARENTHOOD AFFILIATES,S6NV00200,161514.0
18,C00489799,PLANNED PARENTHOOD VOTES,VIRGINIA PLUS PAC,C00697755,150000.0
19,C00489799,PLANNED PARENTHOOD VOTES,"THE OUTREACH TEAM, LLC",S6PA00274,140625.0
20,C00489799,PLANNED PARENTHOOD VOTES,RESONANCE CAMPAIGNS,S2GA00225,137179.0
21,C00489799,PLANNED PARENTHOOD VOTES,CHONG + KOSTER,S0WI00197,125000.0
22,C00489799,PLANNED PARENTHOOD VOTES,BLUEPRINT INTERACTIVE,S2GA00225,118806.0
23,C00489799,PLANNED PARENTHOOD VOTES,WIN JUSTICE,C00672394,118000.0
24,C00489799,PLANNED PARENTHOOD VOTES,THE PIVOT GROUP,S8GA00180,98403.0
25,C00489799,PLANNED PARENTHOOD VOTES,THE PIVOT GROUP,S0GA00559,98403.0
26,C00489799,PLANNED PARENTHOOD VOTES,SCALE FOR CHANGE,S2GA00225,95688.0
27,C00685289,NEVADA ADVOCATES FOR PLANNED PARENTHOOD AFFILIATES PAC (NAPPA PAC),50+1 STRATEGIES LLC,S6NV00200,92109.0
28,C00489799,PLANNED PARENTHOOD VOTES,SCALE FOR CHANGE,S0AZ00350,91696.0
29,C00489799,PLANNED PARENTHOOD VOTES,DELIVER STRATEGIES,S2PA00638,85852.0
30,C00489799,PLANNED PARENTHOOD VOTES,DELIVER STRATEGIES,S6PA00274,79592.0
31,C00489799,PLANNED PARENTHOOD VOTES,#VOTEPROCHOICE PAC,C00571117,75000.0
32,C00489799,PLANNED PARENTHOOD VOTES,BLUEPRINT INTERACTIVE,S2PA00638,67500.0
33,C00489799,PLANNED PARENTHOOD VOTES,50+1 STRATEGIES,S0AZ00350,64964.0
34,C00489799,PLANNED PARENTHOOD VOTES,GMMB,S2PA00638,59496.0
35,C00489799,PLANNED PARENTHOOD VOTES,RESONANCE CAMPAIGNS,S0GA00559,55559.0
36,C00489799,PLANNED PARENTHOOD VOTES,BLUEPRINT INTERACTIVE,S0GA00559,50093.0
37,C00489799,PLANNED PARENTHOOD VOTES,THE PIVOT GROUP,S0NH00326,48673.0
38,C00489799,PLANNED PARENTHOOD VOTES,THE PIVOT GROUP,H2NH01270,48673.0
39,C00489799,PLANNED PARENTHOOD VOTES,"THE OUTREACH TEAM, LLC",S2PA00638,46875.0
40,C00489799,PLANNED PARENTHOOD VOTES,BLUEPRINT INTERACTIVE,S6PA00274,43125.0
41,C00489799,PLANNED PARENTHOOD VOTES,"THE OUTREACH TEAM, LLC",H6PA08277,41664.0
42,C00489799,PLANNED PARENTHOOD VOTES,"THE OUTREACH TEAM, LLC",H2PA17103,41664.0
43,C00489799,PLANNED PARENTHOOD VOTES,"THE OUTREACH TEAM, LLC",H2PA17160,41664.0
44,C00489799,PLANNED PARENTHOOD VOTES,"THE OUTREACH TEAM, LLC",H2PA01099,41664.0
45,C00688432,PLANNED PARENTHOOD ACTION FUND OF THE PACIFIC SOUTHWEST PAC,"PROTECTING CHOICE IN CALIFORNIA, A PROJECT OF PLANNED PARENTHOOD AFFILIATES OF CALIFORNIA",C00556860,40750.0
46,C00742080,"PLANNED PARENTHOOD ALLIANCE PAC , SERVING WA, AK, ID, HI, IN, KY",CLEAN SWEEP CAMPAIGNS,H2AK01158,40535.0
47,C00556860,"PROTECTING CHOICE IN CALIFORNIA, A PROJECT OF PLANNED PARENTHOOD AFFILIATES OF CALIFORNIA",PLANNED PARENTHOOD VOTES,C00489799,40000.0
48,C00489799,PLANNED PARENTHOOD VOTES,PLANNED PARENTHOOD ACTION FUND,S2AZ00372,39551.0
49,C00489799,PLANNED PARENTHOOD VOTES,PLANNED PARENTHOOD ACTION FUND,S2GA00225,38693.0
50,C00489799,PLANNED PARENTHOOD VOTES,PLANNED PARENTHOOD ACTION FUND,C00685289,37515.0
51,C00687848,PLANNED PARENTHOOD OF ORANGE AND SAN BERNARDINO COUNTIES' COMMUNITY ACTION FUND PAC,OPEN HAND MEDIA,H2CA39136,36344.0
52,C00489799,PLANNED PARENTHOOD VOTES,CHONG + KOSTER,S2AZ00372,35833.0
53,C00489799,PLANNED PARENTHOOD VOTES,BLUEPRINT INTERACTIVE,H6PA08277,34895.0
54,C00687848,PLANNED PARENTHOOD OF ORANGE AND SAN BERNARDINO COUNTIES' COMMUNITY ACTION FUND PAC,"PROTECTING CHOICE IN CALIFORNIA, A PROJECT OF PLANNED PARENTHOOD AFFILIATES OF CALIFORNIA",C00556860,34000.0
55,C00489799,PLANNED PARENTHOOD VOTES,DELIVER STRATEGIES,H6PA08277,33138.0
56,C00687848,PLANNED PARENTHOOD OF ORANGE AND SAN BERNARDINO COUNTIES' COMMUNITY ACTION FUND PAC,OPEN HAND MEDIA,H8CA45130,31750.0
57,C00663724,PLANNED PARENTHOOD VOTES OHIO,SCALE FOR CHANGE,H2OH01194,30742.0
58,C00314617,"PLANNED PARENTHOOD ACTION FUND INC PAC, DBA PLANNED PARENTHOOD FEDERAL PAC",DCCC,C00000935,29687.0
59,C00685289,NEVADA ADVOCATES FOR PLANNED PARENTHOOD AFFILIATES PAC (NAPPA PAC),WE VOTE - NOSOTROS VOTAMOS - PPAMM COMMITTEE,S6NV00200,29660.0
60,C00314617,"PLANNED PARENTHOOD ACTION FUND INC PAC, DBA PLANNED PARENTHOOD FEDERAL PAC",DNC SERVICES CORP../DEMOCRATIC NATIONAL COMMITTEE,C00010603,29637.0
61,C00489799,PLANNED PARENTHOOD VOTES,PLANNED PARENTHOOD ACTION FUND,S0GA00559,29498.0
62,C00685289,NEVADA ADVOCATES FOR PLANNED PARENTHOOD AFFILIATES PAC (NAPPA PAC),PLANNED PARENTHOOD VOTES,S6NV00200,29486.0
63,C00314617,"PLANNED PARENTHOOD ACTION FUND INC PAC, DBA PLANNED PARENTHOOD FEDERAL PAC",DSCC,C00042366,28848.0
64,C00489799,PLANNED PARENTHOOD VOTES,CHONG + KOSTER,S2WI00441,25000.0
65,C00742080,"PLANNED PARENTHOOD ALLIANCE PAC , SERVING WA, AK, ID, HI, IN, KY",RAVENNA STRATEGIES LLC,H8WA08189,24000.0
66,C00489799,PLANNED PARENTHOOD VOTES,DELIVER STRATEGIES,H2PA01099,22452.0
67,C00687491,PLANNED PARENTHOOD ADVOCACY PROJECT LOS ANGELES COUNTY ACTION FUND,"PROTECTING CHOICE IN CALIFORNIA, A PROJECT OF PLANNED PARENTHOOD AFFILIATES OF CALIFORNIA",C00556860,21625.0
68,C00489799,PLANNED PARENTHOOD VOTES,PLANNED PARENTHOOD SOUTHEAST ADVOCATES,S0GA00559,21359.0
69,C00687848,PLANNED PARENTHOOD OF ORANGE AND SAN BERNARDINO COUNTIES' COMMUNITY ACTION FUND PAC,OPEN HAND MEDIA,H2CA40092,21232.0
70,C00489799,PLANNED PARENTHOOD VOTES,SOMOS PAC,C00724203,20000.0
71,C00489799,PLANNED PARENTHOOD VOTES,FRAME MEDIA STRATEGIES,H4ME02234,19647.0
72,C00489799,PLANNED PARENTHOOD VOTES,THE PIVOT GROUP,S2NC00497,19040.0
73,C00489799,PLANNED PARENTHOOD VOTES,THE PIVOT GROUP,S2NC00505,19040.0
74,C00489799,PLANNED PARENTHOOD VOTES,PLANNED PARENTHOOD VOTES SOUTH ATLANTIC,S2NC00505,18641.0
75,C00489799,PLANNED PARENTHOOD VOTES,PLANNED PARENTHOOD VOTES SOUTH ATLANTIC,S2NC00497,18641.0
76,C00489799,PLANNED PARENTHOOD VOTES,THE PIVOT GROUP,H8NH01210,16224.0
77,C00489799,PLANNED PARENTHOOD VOTES,THE PIVOT GROUP,S6NH00091,16224.0
78,C00489799,PLANNED PARENTHOOD VOTES,PLANNED PARENTHOOD ACTION FUND,S2PA00638,16001.0
79,C00742080,"PLANNED PARENTHOOD ALLIANCE PAC , SERVING WA, AK, ID, HI, IN, KY",RAVENNA STRATEGIES LLC,H2WA03217,16000.0
80,C00489799,PLANNED PARENTHOOD VOTES,PRIORITIES USA ACTION,C00495861,15748.0
81,C00489799,PLANNED PARENTHOOD VOTES,PRIORITIES USA ACTION,S2PA00638,15748.0
82,C00489799,PLANNED PARENTHOOD VOTES,BLUEPRINT INTERACTIVE,H2PA01099,15104.0
83,C00489799,PLANNED PARENTHOOD VOTES,WOMEN'S MARCH WIN,C00760488,15000.0
84,C00687848,PLANNED PARENTHOOD OF ORANGE AND SAN BERNARDINO COUNTIES' COMMUNITY ACTION FUND PAC,OPEN HAND MEDIA,H0CA48198,14918.0
85,C00489799,PLANNED PARENTHOOD VOTES,PLANNED PARENTHOOD SOUTHEAST ADVOCATES,S2GA00225,14353.0
86,C00489799,PLANNED PARENTHOOD VOTES,PLANNED PARENTHOOD SOUTHEAST ADVOCATES,S8GA00180,12558.0
87,C00489799,PLANNED PARENTHOOD VOTES,"NGP VAN, INC.",P80000722,12500.0
88,C00489799,PLANNED PARENTHOOD VOTES,"NGP VAN, INC.",P80001571,12500.0
89,C00685289,NEVADA ADVOCATES FOR PLANNED PARENTHOOD AFFILIATES PAC (NAPPA PAC),THE PIVOT GROUP,S6NV00200,12363.0
90,C00489799,PLANNED PARENTHOOD VOTES,RESONANCE CAMPAIGNS,S0AZ00350,11738.0
91,C00742080,"PLANNED PARENTHOOD ALLIANCE PAC , SERVING WA, AK, ID, HI, IN, KY",CLEAN SWEEP CAMPAIGNS,S2WA00387,11452.0
92,C00489799,PLANNED PARENTHOOD VOTES,PLANNED PARENTHOOD ACTION FUND,S0AZ00350,11299.0
93,C00314617,"PLANNED PARENTHOOD ACTION FUND INC PAC, DBA PLANNED PARENTHOOD FEDERAL PAC",JOSH GOTTHEIMER FOR CONGRESS,C00573949,10000.0
94,C00314617,"PLANNED PARENTHOOD ACTION FUND INC PAC, DBA PLANNED PARENTHOOD FEDERAL PAC",BILL FOSTER FOR CONGRESS,C00435099,10000.0
95,C00314617,"PLANNED PARENTHOOD ACTION FUND INC PAC, DBA PLANNED PARENTHOOD FEDERAL PAC",CHRISSY HOULAHAN FOR CONGRESS,C00637371,10000.0
96,C00314617,"PLANNED PARENTHOOD ACTION FUND INC PAC, DBA PLANNED PARENTHOOD FEDERAL PAC",WEXTON FOR CONGRESS,C00638023,10000.0
97,C00314617,"PLANNED PARENTHOOD ACTION FUND INC PAC, DBA PLANNED PARENTHOOD FEDERAL PAC",TOM MALINOWSKI FOR CONGRESS,C00656686,10000.0
98,C00314617,"PLANNED PARENTHOOD ACTION FUND INC PAC, DBA PLANNED PARENTHOOD FEDERAL PAC",JOSH HARDER FOR CONGRESS,C00639146,10000.0
99,C00314617,"PLANNED PARENTHOOD ACTION FUND INC PAC, DBA PLANNED PARENTHOOD FEDERAL PAC",KATIE PORTER FOR CONGRESS,C00636571,10000.0
100,C00314617,"PLANNED PARENTHOOD ACTION FUND INC PAC, DBA PLANNED PARENTHOOD FEDERAL PAC",SPANBERGER FOR CONGRESS,C00649913,10000.0
101,C00489799,PLANNED PARENTHOOD VOTES,L PAC,C00519413,10000.0
102,C00314617,"PLANNED PARENTHOOD ACTION FUND INC PAC, DBA PLANNED PARENTHOOD FEDERAL PAC",MIKE LEVIN FOR CONGRESS,C00634253,10000.0
103,C00314617,"PLANNED PARENTHOOD ACTION FUND INC PAC, DBA PLANNED PARENTHOOD FEDERAL PAC",MIKIE SHERRILL FOR CONGRESS,C00640003,10000.0
104,C00742080,"PLANNED PARENTHOOD ALLIANCE PAC , SERVING WA, AK, ID, HI, IN, KY",RAVENNA STRATEGIES LLC,S2WA00189,10000.0
105,C00314617,"PLANNED PARENTHOOD ACTION FUND INC PAC, DBA PLANNED PARENTHOOD FEDERAL PAC",ANDY KIM FOR CONGRESS,C00648220,9910.0
106,C00314617,"PLANNED PARENTHOOD ACTION FUND INC PAC, DBA PLANNED PARENTHOOD FEDERAL PAC",CINDY AXNE FOR CONGRESS,C00646844,9910.0
107,C00314617,"PLANNED PARENTHOOD ACTION FUND INC PAC, DBA PLANNED PARENTHOOD FEDERAL PAC",LAUREN UNDERWOOD FOR CONGRESS,C00652719,9910.0
108,C00314617,"PLANNED PARENTHOOD ACTION FUND INC PAC, DBA PLANNED PARENTHOOD FEDERAL PAC",TITUS FOR CONGRESS,C00499467,9910.0
109,C00314617,"PLANNED PARENTHOOD ACTION FUND INC PAC, DBA PLANNED PARENTHOOD FEDERAL PAC",NEVADANS FOR STEVEN HORSFORD,C00668228,9910.0
110,C00314617,"PLANNED PARENTHOOD ACTION FUND INC PAC, DBA PLANNED PARENTHOOD FEDERAL PAC",ELAINE FOR CONGRESS,C00664375,9857.0
111,C00314617,"PLANNED PARENTHOOD ACTION FUND INC PAC, DBA PLANNED PARENTHOOD FEDERAL PAC",SUSIE LEE FOR CONGRESS,C00655613,9809.0
112,C00685289,NEVADA ADVOCATES FOR PLANNED PARENTHOOD AFFILIATES PAC (NAPPA PAC),WE VOTE - NOSOTROS VOTAMOS - PPAMM COMMITTEE,C00527226,9784.0
113,C00314617,"PLANNED PARENTHOOD ACTION FUND INC PAC, DBA PLANNED PARENTHOOD FEDERAL PAC",SUSAN WILD FOR CONGRESS,C00658567,9758.0
114,C00314617,"PLANNED PARENTHOOD ACTION FUND INC PAC, DBA PLANNED PARENTHOOD FEDERAL PAC",CATHERINE CORTEZ MASTO FOR SENATE,C00575548,9734.0
115,C00489799,PLANNED PARENTHOOD VOTES,PLANNED PARENTHOOD PENNSYLVANIA ADVOCATES,S2PA00638,9731.0
116,C00314617,"PLANNED PARENTHOOD ACTION FUND INC PAC, DBA PLANNED PARENTHOOD FEDERAL PAC",MAGGIE FOR NH,C00588772,9724.0
117,C00314617,"PLANNED PARENTHOOD ACTION FUND INC PAC, DBA PLANNED PARENTHOOD FEDERAL PAC",CHERI BEASLEY FOR NORTH CAROLINA,C00777904,9184.0
118,C00314617,"PLANNED PARENTHOOD ACTION FUND INC PAC, DBA PLANNED PARENTHOOD FEDERAL PAC",MANDELA BARNES FOR WISCONSIN,C00784959,9053.0
119,C00314617,"PLANNED PARENTHOOD ACTION FUND INC PAC, DBA PLANNED PARENTHOOD FEDERAL PAC",WARNOCK FOR GEORGIA,C00736876,8958.0
120,C00314617,"PLANNED PARENTHOOD ACTION FUND INC PAC, DBA PLANNED PARENTHOOD FEDERAL PAC",ANGIE CRAIG FOR CONGRESS,C00575209,8910.0
121,C90016510,PLANNED PARENTHOOD ADVOCATES OF WISCONSIN POLITICAL FUND,THE OUTREACH TEAM,S2WI00441,8814.0
122,C00742080,"PLANNED PARENTHOOD ALLIANCE PAC , SERVING WA, AK, ID, HI, IN, KY",CLEAN SWEEP CAMPAIGNS,H2WA08182,7689.0
123,C00314617,"PLANNED PARENTHOOD ACTION FUND INC PAC, DBA PLANNED PARENTHOOD FEDERAL PAC",KATHERINE CLARK FOR CONGRESS,C00541888,7500.0
124,C00314617,"PLANNED PARENTHOOD ACTION FUND INC PAC, DBA PLANNED PARENTHOOD FEDERAL PAC",CONGRESSIONAL PROGRESSIVE CAUCUS PAC,C00513176,7500.0
125,C00314617,"PLANNED PARENTHOOD ACTION FUND INC PAC, DBA PLANNED PARENTHOOD FEDERAL PAC",LGBTQ VICTORY FUND FEDERAL PAC,C00476978,7500.0
126,C00314617,"PLANNED PARENTHOOD ACTION FUND INC PAC, DBA PLANNED PARENTHOOD FEDERAL PAC",CHC BOLD PAC,C00365536,7500.0
127,C00314617,"PLANNED PARENTHOOD ACTION FUND INC PAC, DBA PLANNED PARENTHOOD FEDERAL PAC",HOYER FOR CONGRESS,C00140715,7500.0
128,C00314617,"PLANNED PARENTHOOD ACTION FUND INC PAC, DBA PLANNED PARENTHOOD FEDERAL PAC",JEFFRIES FOR CONGRESS,C00503052,7500.0
129,C00314617,"PLANNED PARENTHOOD ACTION FUND INC PAC, DBA PLANNED PARENTHOOD FEDERAL PAC",ELECT DEMOCRATIC WOMEN,C00685297,7500.0
130,C00314617,"PLANNED PARENTHOOD ACTION FUND INC PAC, DBA PLANNED PARENTHOOD FEDERAL PAC",NANCY PELOSI FOR CONGRESS,C00213512,7500.0
131,C00314617,"PLANNED PARENTHOOD ACTION FUND INC PAC, DBA PLANNED PARENTHOOD FEDERAL PAC",BOOKER FOR KENTUCKY,C00783274,7500.0
132,C00314617,"PLANNED PARENTHOOD ACTION FUND INC PAC, DBA PLANNED PARENTHOOD FEDERAL PAC",ASPIRE PAC,C00506907,7500.0
133,C00489799,PLANNED PARENTHOOD VOTES,PLANNED PARENTHOOD ACTION FUND,C00568931,7489.0
134,C00314617,"PLANNED PARENTHOOD ACTION FUND INC PAC, DBA PLANNED PARENTHOOD FEDERAL PAC",MARK KELLY FOR SENATE,C00696526,7410.0
135,C00489799,PLANNED PARENTHOOD VOTES,CHONG + KOSTER,S0AZ00350,7166.0
136,C00489799,PLANNED PARENTHOOD VOTES,DELIVER STRATEGIES,H2PA17103,7112.0
137,C00685289,NEVADA ADVOCATES FOR PLANNED PARENTHOOD AFFILIATES PAC (NAPPA PAC),THE PIVOT GROUP,S2NV00324,7065.0
138,C00314617,"PLANNED PARENTHOOD ACTION FUND INC PAC, DBA PLANNED PARENTHOOD FEDERAL PAC",TOM O'HALLERAN FOR CONGRESS,C00582890,7000.0
139,C00314617,"PLANNED PARENTHOOD ACTION FUND INC PAC, DBA PLANNED PARENTHOOD FEDERAL PAC",CHRIS PAPPAS FOR CONGRESS,C00660464,7000.0
140,C00314617,"PLANNED PARENTHOOD ACTION FUND INC PAC, DBA PLANNED PARENTHOOD FEDERAL PAC",ELISSA SLOTKIN FOR CONGRESS,C00650150,7000.0
141,C00314617,"PLANNED PARENTHOOD ACTION FUND INC PAC, DBA PLANNED PARENTHOOD FEDERAL PAC",FRIENDS OF DAN KILDEE,C00499947,7000.0
142,C00314617,"PLANNED PARENTHOOD ACTION FUND INC PAC, DBA PLANNED PARENTHOOD FEDERAL PAC",STANTON FOR CONGRESS,C00657304,7000.0
143,C00314617,"PLANNED PARENTHOOD ACTION FUND INC PAC, DBA PLANNED PARENTHOOD FEDERAL PAC",COMMITTEE TO ELECT JARED GOLDEN,C00653816,7000.0
144,C00314617,"PLANNED PARENTHOOD ACTION FUND INC PAC, DBA PLANNED PARENTHOOD FEDERAL PAC",FRIENDS OF JAHANA HAYES,C00677898,6910.0
145,C00314617,"PLANNED PARENTHOOD ACTION FUND INC PAC, DBA PLANNED PARENTHOOD FEDERAL PAC",SHARICE FOR CONGRESS,C00670034,6882.0
146,C00742080,"PLANNED PARENTHOOD ALLIANCE PAC , SERVING WA, AK, ID, HI, IN, KY",STONES PHONES,S2WA00189,6802.0
147,C00314617,"PLANNED PARENTHOOD ACTION FUND INC PAC, DBA PLANNED PARENTHOOD FEDERAL PAC",CONGRESSIONAL BLACK CAUCUS PAC,C00147512,6797.0
148,C00314617,"PLANNED PARENTHOOD ACTION FUND INC PAC, DBA PLANNED PARENTHOOD FEDERAL PAC",DR KIM SCHRIER FOR CONGRESS,C00652628,6788.0
149,C00489799,PLANNED PARENTHOOD VOTES,NATIONAL DEMOCRATIC TRAINING COMMITTEE PAC,C00603084,6500.0
150,C00489799,PLANNED PARENTHOOD VOTES,PLANNED PARENTHOOD PENNSYLVANIA ADVOCATES,S6PA00274,6487.0
151,C00685289,NEVADA ADVOCATES FOR PLANNED PARENTHOOD AFFILIATES PAC (NAPPA PAC),NREAL,S6NV00200,6087.0
152,C00314617,"PLANNED PARENTHOOD ACTION FUND INC PAC, DBA PLANNED PARENTHOOD FEDERAL PAC",GEORGIA SENATE VICTORY FUND,C00751339,6000.0
153,C00688432,PLANNED PARENTHOOD ACTION FUND OF THE PACIFIC SOUTHWEST PAC,PLANNED PARENTHOOD ACTION FUND OF THE PACIFIC SOUTHWEST,H8CA49058,5753.0
154,C00489799,PLANNED PARENTHOOD VOTES,PLANNED PARENTHOOD ADVOCATES OF ARIZONA,S2AZ00372,5536.0
155,C00314617,"PLANNED PARENTHOOD ACTION FUND INC PAC, DBA PLANNED PARENTHOOD FEDERAL PAC",JESSICA CISNEROS FOR CONGRESS,C00709006,5500.0
156,C00687848,PLANNED PARENTHOOD OF ORANGE AND SAN BERNARDINO COUNTIES' COMMUNITY ACTION FUND PAC,OPEN HAND MEDIA,,5497.0
157,C00489799,PLANNED PARENTHOOD VOTES,RESONANCE CAMPAIGNS,S2AZ00372,5217.0
158,C00314617,"PLANNED PARENTHOOD ACTION FUND INC PAC, DBA PLANNED PARENTHOOD FEDERAL PAC",TIM RYAN FOR OHIO,C00777771,5000.0
159,C00314617,"PLANNED PARENTHOOD ACTION FUND INC PAC, DBA PLANNED PARENTHOOD FEDERAL PAC",JOSH RILEY FOR CONGRESS,C00793760,5000.0
160,C00314617,"PLANNED PARENTHOOD ACTION FUND INC PAC, DBA PLANNED PARENTHOOD FEDERAL PAC",JEFF JACKSON FOR CONGRESS,C00767400,5000.0
161,C00314617,"PLANNED PARENTHOOD ACTION FUND INC PAC, DBA PLANNED PARENTHOOD FEDERAL PAC",TONY VARGAS FOR CONGRESS,C00784371,5000.0
162,C00314617,"PLANNED PARENTHOOD ACTION FUND INC PAC, DBA PLANNED PARENTHOOD FEDERAL PAC",JAY CHEN FOR CONGRESS,C00665695,5000.0
163,C00314617,"PLANNED PARENTHOOD ACTION FUND INC PAC, DBA PLANNED PARENTHOOD FEDERAL PAC",VAL HOYLE FOR CONGRESS,C00796144,5000.0
164,C00314617,"PLANNED PARENTHOOD ACTION FUND INC PAC, DBA PLANNED PARENTHOOD FEDERAL PAC",JACKIE GORDON FOR CONGRESS,C00706549,5000.0
165,C00314617,"PLANNED PARENTHOOD ACTION FUND INC PAC, DBA PLANNED PARENTHOOD FEDERAL PAC",GABE VASQUEZ FOR CONGRESS,C00789404,5000.0
166,C00314617,"PLANNED PARENTHOOD ACTION FUND INC PAC, DBA PLANNED PARENTHOOD FEDERAL PAC",FRIENDS OF JEVIN D. HODGE,C00778464,5000.0
167,C00314617,"PLANNED PARENTHOOD ACTION FUND INC PAC, DBA PLANNED PARENTHOOD FEDERAL PAC",WILEY NICKEL FOR CONGRESS,C00763045,5000.0
168,C00314617,"PLANNED PARENTHOOD ACTION FUND INC PAC, DBA PLANNED PARENTHOOD FEDERAL PAC",WILL ROLLINS FOR CONGRESS,C00792507,5000.0
169,C00314617,"PLANNED PARENTHOOD ACTION FUND INC PAC, DBA PLANNED PARENTHOOD FEDERAL PAC",ZIMMERMAN FOR CONGRESS,C00801324,5000.0
170,C00314617,"PLANNED PARENTHOOD ACTION FUND INC PAC, DBA PLANNED PARENTHOOD FEDERAL PAC",ERIC SORENSEN FOR ILLINOIS,C00793935,5000.0
171,C00314617,"PLANNED PARENTHOOD ACTION FUND INC PAC, DBA PLANNED PARENTHOOD FEDERAL PAC",EQUALITY PAC,C00550970,5000.0
172,C00314617,"PLANNED PARENTHOOD ACTION FUND INC PAC, DBA PLANNED PARENTHOOD FEDERAL PAC",ENGEL FOR ARIZONA,C00773820,5000.0
173,C00556860,"PROTECTING CHOICE IN CALIFORNIA, A PROJECT OF PLANNED PARENTHOOD AFFILIATES OF CALIFORNIA",UPLIFT,H0CA25154,5000.0
174,C00556860,"PROTECTING CHOICE IN CALIFORNIA, A PROJECT OF PLANNED PARENTHOOD AFFILIATES OF CALIFORNIA",UPLIFT,H2CA13115,5000.0
175,C00556860,"PROTECTING CHOICE IN CALIFORNIA, A PROJECT OF PLANNED PARENTHOOD AFFILIATES OF CALIFORNIA",UPLIFT,H2CA21233,5000.0
176,C00556860,"PROTECTING CHOICE IN CALIFORNIA, A PROJECT OF PLANNED PARENTHOOD AFFILIATES OF CALIFORNIA",UPLIFT,H2CA39136,5000.0
177,C00556860,"PROTECTING CHOICE IN CALIFORNIA, A PROJECT OF PLANNED PARENTHOOD AFFILIATES OF CALIFORNIA",UPLIFT,H8CA10126,5000.0
178,C00556860,"PROTECTING CHOICE IN CALIFORNIA, A PROJECT OF PLANNED PARENTHOOD AFFILIATES OF CALIFORNIA",UPLIFT,H8CA45130,5000.0
179,C00556860,"PROTECTING CHOICE IN CALIFORNIA, A PROJECT OF PLANNED PARENTHOOD AFFILIATES OF CALIFORNIA",UPLIFT,H8CA49058,5000.0
180,C00314617,"PLANNED PARENTHOOD ACTION FUND INC PAC, DBA PLANNED PARENTHOOD FEDERAL PAC",DR ASIF MAHMOOD FOR CONGRESS,C00801688,5000.0
181,C00314617,"PLANNED PARENTHOOD ACTION FUND INC PAC, DBA PLANNED PARENTHOOD FEDERAL PAC",COURTNEY FOR CONGRESS,C00410233,5000.0
182,C00314617,"PLANNED PARENTHOOD ACTION FUND INC PAC, DBA PLANNED PARENTHOOD FEDERAL PAC",CONOLE FOR CONGRESS,C00702191,5000.0
183,C00314617,"PLANNED PARENTHOOD ACTION FUND INC PAC, DBA PLANNED PARENTHOOD FEDERAL PAC",CHRISTY SMITH FOR CONGRESS,C00725101,5000.0
184,C00314617,"PLANNED PARENTHOOD ACTION FUND INC PAC, DBA PLANNED PARENTHOOD FEDERAL PAC",CHRISTINA BOHANNAN FOR CONGRESS,C00787820,5000.0
185,C00314617,"PLANNED PARENTHOOD ACTION FUND INC PAC, DBA PLANNED PARENTHOOD FEDERAL PAC",LATINO VICTORY FUND,C00562777,5000.0
186,C00314617,"PLANNED PARENTHOOD ACTION FUND INC PAC, DBA PLANNED PARENTHOOD FEDERAL PAC",PAT RYAN FOR CONGRESS,C00815290,5000.0
187,C00314617,"PLANNED PARENTHOOD ACTION FUND INC PAC, DBA PLANNED PARENTHOOD FEDERAL PAC",NIKKI FOR CONGRESS,C00787812,5000.0
188,C00314617,"PLANNED PARENTHOOD ACTION FUND INC PAC, DBA PLANNED PARENTHOOD FEDERAL PAC",MRVAN FOR CONGRESS,C00727529,5000.0
189,C00314617,"PLANNED PARENTHOOD ACTION FUND INC PAC, DBA PLANNED PARENTHOOD FEDERAL PAC",MICHIGAN DEMOCRATIC STATE CENTRAL COMMITEE,C00031054,5000.0
190,C00314617,"PLANNED PARENTHOOD ACTION FUND INC PAC, DBA PLANNED PARENTHOOD FEDERAL PAC",MICHELLE VALLEJO FOR CONGRESS,C00797217,5000.0
191,C00314617,"PLANNED PARENTHOOD ACTION FUND INC PAC, DBA PLANNED PARENTHOOD FEDERAL PAC",MAX ROSE FOR CONGRESS,C00652248,5000.0
192,C00314617,"PLANNED PARENTHOOD ACTION FUND INC PAC, DBA PLANNED PARENTHOOD FEDERAL PAC",RUDY SALAS FOR CONGRESS,C00791756,5000.0
193,C00314617,"PLANNED PARENTHOOD ACTION FUND INC PAC, DBA PLANNED PARENTHOOD FEDERAL PAC",SANFORD BISHOP FOR CONGRESS,C00266940,5000.0
194,C00314617,"PLANNED PARENTHOOD ACTION FUND INC PAC, DBA PLANNED PARENTHOOD FEDERAL PAC",MAGAZINER FOR CONGRESS,C00802504,5000.0
195,C00314617,"PLANNED PARENTHOOD ACTION FUND INC PAC, DBA PLANNED PARENTHOOD FEDERAL PAC",SCHOLTEN FOR CONGRESS,C00711317,5000.0
196,C00314617,"PLANNED PARENTHOOD ACTION FUND INC PAC, DBA PLANNED PARENTHOOD FEDERAL PAC",SEAN PATRICK MALONEY FOR CONGRESS,C00512426,5000.0
197,C00314617,"PLANNED PARENTHOOD ACTION FUND INC PAC, DBA PLANNED PARENTHOOD FEDERAL PAC",LIZ MATHIS FOR CONGRESS,C00785675,5000.0
198,C00314617,"PLANNED PARENTHOOD ACTION FUND INC PAC, DBA PLANNED PARENTHOOD FEDERAL PAC",ADAM GRAY FOR CONGRESS,C00801431,5000.0
199,C00314617,"PLANNED PARENTHOOD ACTION FUND INC PAC, DBA PLANNED PARENTHOOD FEDERAL PAC",LANDSMAN FOR CONGRESS,C00800276,5000.0
200,C00314617,"PLANNED PARENTHOOD ACTION FUND INC PAC, DBA PLANNED PARENTHOOD FEDERAL PAC","KUSTER FOR CONGRESS, INC.",C00462861,5000.0
201,C00314617,"PLANNED PARENTHOOD ACTION FUND INC PAC, DBA PLANNED PARENTHOOD FEDERAL PAC",KERMIT JONES FOR CONGRESS,C00786087,5000.0
202,C00314617,"PLANNED PARENTHOOD ACTION FUND INC PAC, DBA PLANNED PARENTHOOD FEDERAL PAC",KATHY MANNING FOR CONGRESS,C00662577,5000.0
203,C00314617,"PLANNED PARENTHOOD ACTION FUND INC PAC, DBA PLANNED PARENTHOOD FEDERAL PAC",TADDEO FOR CONGRESS,C00445163,5000.0
204,C00314617,"PLANNED PARENTHOOD ACTION FUND INC PAC, DBA PLANNED PARENTHOOD FEDERAL PAC",THE COLLECTIVE PAC,C00617381,5000.0
205,C00314617,"PLANNED PARENTHOOD ACTION FUND INC PAC, DBA PLANNED PARENTHOOD FEDERAL PAC",JULIA BROWNLEY FOR CONGRESS,C00513077,5000.0
206,C00314617,"PLANNED PARENTHOOD ACTION FUND INC PAC, DBA PLANNED PARENTHOOD FEDERAL PAC",BENNET FOR COLORADO,C00458398,5000.0
207,C00314617,"PLANNED PARENTHOOD ACTION FUND INC PAC, DBA PLANNED PARENTHOOD FEDERAL PAC",ASIAN AMERICAN ACTION FUND,C00351031,5000.0
208,C00314617,"PLANNED PARENTHOOD ACTION FUND INC PAC, DBA PLANNED PARENTHOOD FEDERAL PAC",ANDREA SALINAS FOR OREGON,C00793703,5000.0
209,C00314617,"PLANNED PARENTHOOD ACTION FUND INC PAC, DBA PLANNED PARENTHOOD FEDERAL PAC",CHRIS DELUZIO FOR CONGRESS,C00787648,5000.0
210,C00314617,"PLANNED PARENTHOOD ACTION FUND INC PAC, DBA PLANNED PARENTHOOD FEDERAL PAC",CASTEN FOR CONGRESS,C00648493,5000.0
211,C00314617,"PLANNED PARENTHOOD ACTION FUND INC PAC, DBA PLANNED PARENTHOOD FEDERAL PAC",CARAVEO FOR CONGRESS,C00787788,5000.0
212,C00314617,"PLANNED PARENTHOOD ACTION FUND INC PAC, DBA PLANNED PARENTHOOD FEDERAL PAC",BRITTANY PETTERSEN FOR COLORADO,C00637215,5000.0
213,C00314617,"PLANNED PARENTHOOD ACTION FUND INC PAC, DBA PLANNED PARENTHOOD FEDERAL PAC",BRIDGET FLEMING FOR CONGRESS,C00728832,5000.0
214,C00314617,"PLANNED PARENTHOOD ACTION FUND INC PAC, DBA PLANNED PARENTHOOD FEDERAL PAC",WASHINGTON STATE DEMOCRATIC CENTRAL COMMITTEE,C00114439,4972.0
215,C00314617,"PLANNED PARENTHOOD ACTION FUND INC PAC, DBA PLANNED PARENTHOOD FEDERAL PAC",TERESA FOR ALL,C00704049,4910.0
216,C00314617,"PLANNED PARENTHOOD ACTION FUND INC PAC, DBA PLANNED PARENTHOOD FEDERAL PAC",EMILIA SYKES FOR CONGRESS,C00801274,4754.0
217,C00489799,PLANNED PARENTHOOD VOTES,PLANNED PARENTHOOD ACTION FUND,C00684530,4705.0
218,C00489799,PLANNED PARENTHOOD VOTES,DELIVER STRATEGIES,H8PA15229,4685.0
219,C00489799,PLANNED PARENTHOOD VOTES,PLANNED PARENTHOOD ACTION FUND,S6PA00274,4331.0
220,C00742080,"PLANNED PARENTHOOD ALLIANCE PAC , SERVING WA, AK, ID, HI, IN, KY",CLEAN SWEEP CAMPAIGNS,S2WA00189,4206.0
221,C00663724,PLANNED PARENTHOOD VOTES OHIO,"RESONANCE CAMPAIGNS, LLC",S2OH00402,4187.0
222,C00489799,PLANNED PARENTHOOD VOTES,PLANNED PARENTHOOD SOUTHEAST ADVOCATES,S0GA00526,4186.0
223,C00314617,"PLANNED PARENTHOOD ACTION FUND INC PAC, DBA PLANNED PARENTHOOD FEDERAL PAC",ELIZABETH PANNILL FLETCHER FOR CONGRESS,C00640045,4000.0
224,C00314617,"PLANNED PARENTHOOD ACTION FUND INC PAC, DBA PLANNED PARENTHOOD FEDERAL PAC",PEOPLE FOR PATTY MURRAY,C00257642,3938.0
225,C00742080,"PLANNED PARENTHOOD ALLIANCE PAC , SERVING WA, AK, ID, HI, IN, KY",CLEAN SWEEP CAMPAIGNS,H2WA03100,3763.0
226,C00314617,"PLANNED PARENTHOOD ACTION FUND INC PAC, DBA PLANNED PARENTHOOD FEDERAL PAC",FETTERMAN FOR PA,C00765800,3577.0
227,C00685289,NEVADA ADVOCATES FOR PLANNED PARENTHOOD AFFILIATES PAC (NAPPA PAC),NREAL,S2NV00324,3350.0
228,C00742080,"PLANNED PARENTHOOD ALLIANCE PAC , SERVING WA, AK, ID, HI, IN, KY",CLEAN SWEEP CAMPAIGNS,H8WA08189,3291.0
229,C00314617,"PLANNED PARENTHOOD ACTION FUND INC PAC, DBA PLANNED PARENTHOOD FEDERAL PAC",MELANIE FOR NEW MEXICO,C00765099,3000.0
230,C00687848,PLANNED PARENTHOOD OF ORANGE AND SAN BERNARDINO COUNTIES' COMMUNITY ACTION FUND PAC,PLANNED PARENTHOOD OF ORANGE AND SAN BERNARDINO COUNTIES' COMMUNITY ACTION FUND,,2885.0
231,C00684530,PLANNED PARENTHOOD OF MINNESOTA POLITICAL ACTION FUND,SCALE FOR CHANGE,H8MN03143,2810.0
232,C00688432,PLANNED PARENTHOOD ACTION FUND OF THE PACIFIC SOUTHWEST PAC,PLANNED PARENTHOOD ACTION FUND OF THE PACIFIC SOUTHWEST,H8CA50098,2706.0
233,C00314617,"PLANNED PARENTHOOD ACTION FUND INC PAC, DBA PLANNED PARENTHOOD FEDERAL PAC",EHASZ FOR CONGRESS,C00791335,2500.0
234,C00489799,PLANNED PARENTHOOD VOTES,"NGP VAN, INC.",S0AZ00350,2500.0
235,C00489799,PLANNED PARENTHOOD VOTES,"NGP VAN, INC.",S4NC00162,2500.0
236,C00489799,PLANNED PARENTHOOD VOTES,"NGP VAN, INC.",S6ME00159,2500.0
237,C00489799,PLANNED PARENTHOOD VOTES,"NGP VAN, INC.",S8AZ00221,2500.0
238,C00685289,NEVADA ADVOCATES FOR PLANNED PARENTHOOD AFFILIATES PAC (NAPPA PAC),CHONG AND KOSTER,S6NV00200,2500.0
239,C00489799,PLANNED PARENTHOOD VOTES,"NGP VAN, INC.",S0ME00111,2500.0
240,C00314617,"PLANNED PARENTHOOD ACTION FUND INC PAC, DBA PLANNED PARENTHOOD FEDERAL PAC",GILLEN FOR CONGRESS,C00806547,2500.0
241,C00314617,"PLANNED PARENTHOOD ACTION FUND INC PAC, DBA PLANNED PARENTHOOD FEDERAL PAC",FRIENDS OF SCHUMER,C00346312,2500.0
242,C00489799,PLANNED PARENTHOOD VOTES,"NGP VAN, INC.",S0NC00202,2500.0
243,C00489799,PLANNED PARENTHOOD VOTES,"NGP VAN, INC.",S0NH00219,2500.0
244,C00314617,"PLANNED PARENTHOOD ACTION FUND INC PAC, DBA PLANNED PARENTHOOD FEDERAL PAC",PFAFF FOR CONGRESS,C00790543,2500.0
245,C00314617,"PLANNED PARENTHOOD ACTION FUND INC PAC, DBA PLANNED PARENTHOOD FEDERAL PAC",MARY PELTOLA FOR ALASKA,C00812388,2500.0
246,C00314617,"PLANNED PARENTHOOD ACTION FUND INC PAC, DBA PLANNED PARENTHOOD FEDERAL PAC",MARIE FOR CONGRESS,C00806174,2500.0
247,C00489799,PLANNED PARENTHOOD VOTES,"NGP VAN, INC.",S0NH00334,2500.0
248,C00314617,"PLANNED PARENTHOOD ACTION FUND INC PAC, DBA PLANNED PARENTHOOD FEDERAL PAC",JAMIE FOR OREGON,C00792465,2500.0
249,C00314617,"PLANNED PARENTHOOD ACTION FUND INC PAC, DBA PLANNED PARENTHOOD FEDERAL PAC",PLANNED PARENTHOOD ACTION FUND,C00019331,2438.0
250,C00685289,NEVADA ADVOCATES FOR PLANNED PARENTHOOD AFFILIATES PAC (NAPPA PAC),NEVADA ADVOCATES FOR PLANNED PARENTHOOD AFFILIATES,H6NV04020,2400.0
251,C00742080,"PLANNED PARENTHOOD ALLIANCE PAC , SERVING WA, AK, ID, HI, IN, KY",STONES PHONES,H2WA03217,2375.0
252,C00742080,"PLANNED PARENTHOOD ALLIANCE PAC , SERVING WA, AK, ID, HI, IN, KY",STONES PHONES,H2WA03100,2375.0
253,C00742080,"PLANNED PARENTHOOD ALLIANCE PAC , SERVING WA, AK, ID, HI, IN, KY",STONES PHONES,H8WA08189,2375.0
254,C00742080,"PLANNED PARENTHOOD ALLIANCE PAC , SERVING WA, AK, ID, HI, IN, KY",STONES PHONES,H2WA08182,2375.0
255,C00489799,PLANNED PARENTHOOD VOTES,PLANNED PARENTHOOD ACTION FUND,S0WI00197,2257.0
256,C00742080,"PLANNED PARENTHOOD ALLIANCE PAC , SERVING WA, AK, ID, HI, IN, KY",CLEAN SWEEP CAMPAIGNS,H6WA09025,2187.0
257,C00742080,"PLANNED PARENTHOOD ALLIANCE PAC , SERVING WA, AK, ID, HI, IN, KY",CLEAN SWEEP CAMPAIGNS,H0WA02080,2187.0
258,C00742080,"PLANNED PARENTHOOD ALLIANCE PAC , SERVING WA, AK, ID, HI, IN, KY",CLEAN SWEEP CAMPAIGNS,H0WA08046,2187.0
259,C00742080,"PLANNED PARENTHOOD ALLIANCE PAC , SERVING WA, AK, ID, HI, IN, KY",CLEAN SWEEP CAMPAIGNS,H0WA10034,2187.0
260,C00742080,"PLANNED PARENTHOOD ALLIANCE PAC , SERVING WA, AK, ID, HI, IN, KY",CLEAN SWEEP CAMPAIGNS,H6WA07458,2187.0
261,C00314617,"PLANNED PARENTHOOD ACTION FUND INC PAC, DBA PLANNED PARENTHOOD FEDERAL PAC",STRICKLAND FOR WASHINGTON,C00732826,2000.0
262,C00314617,"PLANNED PARENTHOOD ACTION FUND INC PAC, DBA PLANNED PARENTHOOD FEDERAL PAC",BARBARA LEE FOR CONGRESS,C00331769,2000.0
263,C00314617,"PLANNED PARENTHOOD ACTION FUND INC PAC, DBA PLANNED PARENTHOOD FEDERAL PAC",BECCA BALINT FOR VERMONT,C00797175,2000.0
264,C00314617,"PLANNED PARENTHOOD ACTION FUND INC PAC, DBA PLANNED PARENTHOOD FEDERAL PAC",CAROLYN FOR CONGRESS,C00649376,2000.0
265,C00314617,"PLANNED PARENTHOOD ACTION FUND INC PAC, DBA PLANNED PARENTHOOD FEDERAL PAC",COLIN ALLRED FOR CONGRESS,C00637868,2000.0
266,C00314617,"PLANNED PARENTHOOD ACTION FUND INC PAC, DBA PLANNED PARENTHOOD FEDERAL PAC",CORI BUSH FOR CONGRESS,C00638767,2000.0
267,C00314617,"PLANNED PARENTHOOD ACTION FUND INC PAC, DBA PLANNED PARENTHOOD FEDERAL PAC",DEFAZIO FOR CONGRESS,C00215905,2000.0
268,C00314617,"PLANNED PARENTHOOD ACTION FUND INC PAC, DBA PLANNED PARENTHOOD FEDERAL PAC",DELGADO FOR CONGRESS,C00633859,2000.0
269,C00314617,"PLANNED PARENTHOOD ACTION FUND INC PAC, DBA PLANNED PARENTHOOD FEDERAL PAC",DIANA DEGETTE FOR CONGRESS,C00311639,2000.0
270,C00314617,"PLANNED PARENTHOOD ACTION FUND INC PAC, DBA PLANNED PARENTHOOD FEDERAL PAC",VICENTE GONZALEZ FOR CONGRESS,C00592659,2000.0
271,C00314617,"PLANNED PARENTHOOD ACTION FUND INC PAC, DBA PLANNED PARENTHOOD FEDERAL PAC",VERONICA ESCOBAR FOR CONGRESS,C00653923,2000.0
272,C00314617,"PLANNED PARENTHOOD ACTION FUND INC PAC, DBA PLANNED PARENTHOOD FEDERAL PAC",UNITED WITH DELIA FOR CONGRESS,C00796672,2000.0
273,C00314617,"PLANNED PARENTHOOD ACTION FUND INC PAC, DBA PLANNED PARENTHOOD FEDERAL PAC",TOKUDA FOR HAWAII,C00813758,2000.0
274,C00314617,"PLANNED PARENTHOOD ACTION FUND INC PAC, DBA PLANNED PARENTHOOD FEDERAL PAC",THE COMMITTEE TO ELECT AYANNA PRESSLEY,C00667741,2000.0
275,C00314617,"PLANNED PARENTHOOD ACTION FUND INC PAC, DBA PLANNED PARENTHOOD FEDERAL PAC",SYDNEY KAMLAGER FOR CONGRESS,C00795823,2000.0
276,C00314617,"PLANNED PARENTHOOD ACTION FUND INC PAC, DBA PLANNED PARENTHOOD FEDERAL PAC",SUMMER LEE FOR CONGRESS,C00791780,2000.0
277,C00314617,"PLANNED PARENTHOOD ACTION FUND INC PAC, DBA PLANNED PARENTHOOD FEDERAL PAC",SARA JACOBS FOR CONGRESS,C00719559,2000.0
278,C00314617,"PLANNED PARENTHOOD ACTION FUND INC PAC, DBA PLANNED PARENTHOOD FEDERAL PAC",FOUSHEE FOR CONGRESS,C00794727,2000.0
279,C00314617,"PLANNED PARENTHOOD ACTION FUND INC PAC, DBA PLANNED PARENTHOOD FEDERAL PAC",ROBERT GARCIA FOR CONGRESS,C00797795,2000.0
280,C00314617,"PLANNED PARENTHOOD ACTION FUND INC PAC, DBA PLANNED PARENTHOOD FEDERAL PAC",FRIENDS OF LUCY MCBATH,C00672295,2000.0
281,C00314617,"PLANNED PARENTHOOD ACTION FUND INC PAC, DBA PLANNED PARENTHOOD FEDERAL PAC",GREG CASAR FOR CONGRESS,C00791897,2000.0
282,C00314617,"PLANNED PARENTHOOD ACTION FUND INC PAC, DBA PLANNED PARENTHOOD FEDERAL PAC",HALEY STEVENS FOR CONGRESS,C00638650,2000.0
283,C00314617,"PLANNED PARENTHOOD ACTION FUND INC PAC, DBA PLANNED PARENTHOOD FEDERAL PAC",JUDY CHU FOR CONGRESS,C00458125,2000.0
284,C00314617,"PLANNED PARENTHOOD ACTION FUND INC PAC, DBA PLANNED PARENTHOOD FEDERAL PAC",MAXWELL ALEJANDRO FROST FOR CONGRESS,C00786822,2000.0
285,C00314617,"PLANNED PARENTHOOD ACTION FUND INC PAC, DBA PLANNED PARENTHOOD FEDERAL PAC","NIKEMA FOR CONGRESS, INC",C00752584,2000.0
286,C00314617,"PLANNED PARENTHOOD ACTION FUND INC PAC, DBA PLANNED PARENTHOOD FEDERAL PAC",MORGAN MCGARVEY FOR CONGRESS,C00791392,2000.0
287,C00489799,PLANNED PARENTHOOD VOTES,"NGP VAN, INC.",S0MT00173,1950.0
288,C00489799,PLANNED PARENTHOOD VOTES,"NGP VAN, INC.",S2MT00096,1950.0
289,C00742080,"PLANNED PARENTHOOD ALLIANCE PAC , SERVING WA, AK, ID, HI, IN, KY",CLEAN SWEEP CAMPAIGNS,H8IN07184,1875.0
290,C00742080,"PLANNED PARENTHOOD ALLIANCE PAC , SERVING WA, AK, ID, HI, IN, KY",CLEAN SWEEP CAMPAIGNS,H0IN01150,1875.0
291,C00489799,PLANNED PARENTHOOD VOTES,PLANNED PARENTHOOD ADVOCATES OF ARIZONA,S0AZ00350,1844.0
292,C00684530,PLANNED PARENTHOOD OF MINNESOTA POLITICAL ACTION FUND,PLANNED PARENTHOOD MN ND SD ACTION FUND,S8MN00578,1683.0
293,C00489799,PLANNED PARENTHOOD VOTES,PRECISION STRATEGIES LLC,S0FL00338,1500.0
294,C00489799,PLANNED PARENTHOOD VOTES,PRECISION STRATEGIES LLC,S0NH00326,1500.0
295,C00314617,"PLANNED PARENTHOOD ACTION FUND INC PAC, DBA PLANNED PARENTHOOD FEDERAL PAC",PLANNED PARENTHOOD ACTION FUND,C00781971,1497.0
296,C00687848,PLANNED PARENTHOOD OF ORANGE AND SAN BERNARDINO COUNTIES' COMMUNITY ACTION FUND PAC,PLANNED PARENTHOOD OF ORANGE AND SAN BERNARDINO COUNTIES' COMMUNITY ACTION FUND,H8CA45130,1454.0
297,C00489799,PLANNED PARENTHOOD VOTES,PLANNED PARENTHOOD ACTION FUND,S8GA00180,1427.0
298,C00314617,"PLANNED PARENTHOOD ACTION FUND INC PAC, DBA PLANNED PARENTHOOD FEDERAL PAC",PLANNED PARENTHOOD ACTION FUND,C00765800,1421.0
299,C00663724,PLANNED PARENTHOOD VOTES OHIO,"RESONANCE CAMPAIGNS, LLC",H2OH13264,1363.0
300,C00489799,PLANNED PARENTHOOD VOTES,PRECISION STRATEGIES LLC,S2PA00638,1350.0
301,C00685289,NEVADA ADVOCATES FOR PLANNED PARENTHOOD AFFILIATES PAC (NAPPA PAC),J'S QUALITY PRINTING,S6NV00200,1290.0
302,C00489799,PLANNED PARENTHOOD VOTES,PLANNED PARENTHOOD ACTION FUND,S2NC00497,1290.0
303,C00687848,PLANNED PARENTHOOD OF ORANGE AND SAN BERNARDINO COUNTIES' COMMUNITY ACTION FUND PAC,PLANNED PARENTHOOD OF ORANGE AND SAN BERNARDINO COUNTIES' COMMUNITY ACTION FUND,C00685289,1288.0
304,C00489799,PLANNED PARENTHOOD VOTES,PLANNED PARENTHOOD ACTION FUND,S0FL00338,1274.0
305,C00489799,PLANNED PARENTHOOD VOTES,PLANNED PARENTHOOD ACTION FUND,S2WA00387,1265.0
306,C00489799,PLANNED PARENTHOOD VOTES,PIEHOLE.TV LLC,S2NC00505,1250.0
307,C00688432,PLANNED PARENTHOOD ACTION FUND OF THE PACIFIC SOUTHWEST PAC,SPOTIFY,H8CA49058,1250.0
308,C00314617,"PLANNED PARENTHOOD ACTION FUND INC PAC, DBA PLANNED PARENTHOOD FEDERAL PAC",PLANNED PARENTHOOD ACTION FUND,C00257642,1243.0
309,C00489799,PLANNED PARENTHOOD VOTES,PRECISION STRATEGIES LLC,S2AZ00372,1200.0
310,C00314617,"PLANNED PARENTHOOD ACTION FUND INC PAC, DBA PLANNED PARENTHOOD FEDERAL PAC",PLANNED PARENTHOOD ACTION FUND,C00042366,1151.0
311,C00489799,PLANNED PARENTHOOD VOTES,"PREMIERE GLOBAL SERVICES, INC",S0ME00111,1150.0
312,C00489799,PLANNED PARENTHOOD VOTES,"PREMIERE GLOBAL SERVICES, INC",S6ME00159,1150.0
313,C00687848,PLANNED PARENTHOOD OF ORANGE AND SAN BERNARDINO COUNTIES' COMMUNITY ACTION FUND PAC,PLANNED PARENTHOOD OF ORANGE AND SAN BERNARDINO COUNTIES' COMMUNITY ACTION FUND,H2CA39136,1132.0
314,C00684530,PLANNED PARENTHOOD OF MINNESOTA POLITICAL ACTION FUND,PLANNED PARENTHOOD MN ND SD ACTION FUND,P80000722,1096.0
315,C00314617,"PLANNED PARENTHOOD ACTION FUND INC PAC, DBA PLANNED PARENTHOOD FEDERAL PAC",PLANNED PARENTHOOD ACTION FUND,C00736876,1040.0
316,C00685289,NEVADA ADVOCATES FOR PLANNED PARENTHOOD AFFILIATES PAC (NAPPA PAC),PLANNED PARENTHOOD OF ORANGE AND SAN BERNARDINO COUNTIES' COMMUNITY ACTION FUND PAC - FEDERAL,S6NV00200,1033.0
317,C00742080,"PLANNED PARENTHOOD ALLIANCE PAC , SERVING WA, AK, ID, HI, IN, KY",PLANNED PARENTHOOD ALLIANCE ADVOCATES,H8WA08189,1009.0
318,C00663724,PLANNED PARENTHOOD VOTES OHIO,"RESONANCE CAMPAIGNS, LLC",H2OH11169,1007.0
319,C00314617,"PLANNED PARENTHOOD ACTION FUND INC PAC, DBA PLANNED PARENTHOOD FEDERAL PAC",PLANNED PARENTHOOD ACTION FUND,C00166710,1007.0
320,C00489799,PLANNED PARENTHOOD VOTES,"ELLIOT, KENDRA",S2NC00505,1000.0
321,C00489799,PLANNED PARENTHOOD VOTES,"ELLIOT, KENDRA",S2AZ00372,1000.0
322,C00489799,PLANNED PARENTHOOD VOTES,PIEHOLE.TV LLC,H2NH01270,1000.0
323,C00314617,"PLANNED PARENTHOOD ACTION FUND INC PAC, DBA PLANNED PARENTHOOD FEDERAL PAC",MOORE FOR CONGRESS,C00397505,1000.0
324,C00742080,"PLANNED PARENTHOOD ALLIANCE PAC , SERVING WA, AK, ID, HI, IN, KY",PLANNED PARENTHOOD ALLIANCE ADVOCATES,S2WA00189,993.0
325,C00489799,PLANNED PARENTHOOD VOTES,PLANNED PARENTHOOD ACTION FUND,S2NC00505,976.0
326,C00742080,"PLANNED PARENTHOOD ALLIANCE PAC , SERVING WA, AK, ID, HI, IN, KY",PLANNED PARENTHOOD ALLIANCE ADVOCATES,H2WA03217,932.0
327,C00663724,PLANNED PARENTHOOD VOTES OHIO,"RESONANCE CAMPAIGNS, LLC",H2OH01194,926.0
328,C00742080,"PLANNED PARENTHOOD ALLIANCE PAC , SERVING WA, AK, ID, HI, IN, KY",CLEAN SWEEP CAMPAIGNS,H2WA03217,914.0
329,C00314617,"PLANNED PARENTHOOD ACTION FUND INC PAC, DBA PLANNED PARENTHOOD FEDERAL PAC",PLANNED PARENTHOOD ACTION FUND,C00784959,846.0
330,C00489799,PLANNED PARENTHOOD VOTES,M+R STRATEGIC SERVICES,S2AZ00372,810.0
331,C00314617,"PLANNED PARENTHOOD ACTION FUND INC PAC, DBA PLANNED PARENTHOOD FEDERAL PAC",PLANNED PARENTHOOD ACTION FUND,C00669358,804.0
332,C00314617,"PLANNED PARENTHOOD ACTION FUND INC PAC, DBA PLANNED PARENTHOOD FEDERAL PAC",PLANNED PARENTHOOD ACTION FUND,C00777904,796.0
333,C00742080,"PLANNED PARENTHOOD ALLIANCE PAC , SERVING WA, AK, ID, HI, IN, KY",PLANNED PARENTHOOD ALLIANCE ADVOCATES,H2AK01158,734.0
334,C00684530,PLANNED PARENTHOOD OF MINNESOTA POLITICAL ACTION FUND,FACEBOOK,P80000722,726.0
335,C00684530,PLANNED PARENTHOOD OF MINNESOTA POLITICAL ACTION FUND,FACEBOOK,S8MN00578,726.0
336,C00314617,"PLANNED PARENTHOOD ACTION FUND INC PAC, DBA PLANNED PARENTHOOD FEDERAL PAC",PLANNED PARENTHOOD ACTION FUND,C00147512,702.0
337,C00489799,PLANNED PARENTHOOD VOTES,PLANNED PARENTHOOD SOUTHEAST ADVOCATES,S4GA11285,690.0
338,C00489799,PLANNED PARENTHOOD VOTES,PLANNED PARENTHOOD ACTION FUND,S2WI00441,681.0
339,C00742080,"PLANNED PARENTHOOD ALLIANCE PAC , SERVING WA, AK, ID, HI, IN, KY",PLANNED PARENTHOOD ALLIANCE ADVOCATES,S2WA00387,672.0
340,C00314617,"PLANNED PARENTHOOD ACTION FUND INC PAC, DBA PLANNED PARENTHOOD FEDERAL PAC",PLANNED PARENTHOOD ACTION FUND,C00815134,671.0
341,C00489799,PLANNED PARENTHOOD VOTES,"BERG, MIRIAM",S6NH00091,664.0
342,C00489799,PLANNED PARENTHOOD VOTES,"BERG, MIRIAM",S0NH00326,664.0
343,C00687848,PLANNED PARENTHOOD OF ORANGE AND SAN BERNARDINO COUNTIES' COMMUNITY ACTION FUND PAC,PLANNED PARENTHOOD OF ORANGE AND SAN BERNARDINO COUNTIES' COMMUNITY ACTION FUND,H2CA40092,661.0
344,C00688432,PLANNED PARENTHOOD ACTION FUND OF THE PACIFIC SOUTHWEST PAC,"FACEBOOK, INC.",H8CA49058,625.0
345,C00685289,NEVADA ADVOCATES FOR PLANNED PARENTHOOD AFFILIATES PAC (NAPPA PAC),NEVADA ADVOCATES FOR PLANNED PARENTHOOD AFFILIATES,S2NV00324,588.0
346,C00489799,PLANNED PARENTHOOD VOTES,PLANNED PARENTHOOD NEW HAMPSHIRE VOTES,H0NH02181,587.0
347,C00489799,PLANNED PARENTHOOD VOTES,PLANNED PARENTHOOD NEW HAMPSHIRE VOTES,H8NH01210,587.0
348,C00489799,PLANNED PARENTHOOD VOTES,PLANNED PARENTHOOD NEW HAMPSHIRE VOTES,H2NH01270,587.0
349,C00489799,PLANNED PARENTHOOD VOTES,PLANNED PARENTHOOD NEW HAMPSHIRE VOTES,S6NH00091,587.0
350,C00489799,PLANNED PARENTHOOD VOTES,PLANNED PARENTHOOD NEW HAMPSHIRE VOTES,S0NH00326,587.0
351,C00489799,PLANNED PARENTHOOD VOTES,PLANNED PARENTHOOD NEW HAMPSHIRE VOTES,H8NH02309,587.0
352,C00314617,"PLANNED PARENTHOOD ACTION FUND INC PAC, DBA PLANNED PARENTHOOD FEDERAL PAC",PLANNED PARENTHOOD ACTION FUND,C00638767,576.0
353,C00489799,PLANNED PARENTHOOD VOTES,PLANNED PARENTHOOD ACTION FUND,H4ME02234,509.0
354,C00314617,"PLANNED PARENTHOOD ACTION FUND INC PAC, DBA PLANNED PARENTHOOD FEDERAL PAC",PLANNED PARENTHOOD ACTION FUND,C00709006,504.0
355,C00684530,PLANNED PARENTHOOD OF MINNESOTA POLITICAL ACTION FUND,FACEBOOK,H2MN01249,500.0
356,C00314617,"PLANNED PARENTHOOD ACTION FUND INC PAC, DBA PLANNED PARENTHOOD FEDERAL PAC",ROBIN KELLY FOR CONGRESS,C00539866,500.0
357,C00688432,PLANNED PARENTHOOD ACTION FUND OF THE PACIFIC SOUTHWEST PAC,"BENNETT, SAMUEL",H8CA49058,500.0
358,C00684530,PLANNED PARENTHOOD OF MINNESOTA POLITICAL ACTION FUND,FACEBOOK,H2MN08152,500.0
359,C00556860,"PROTECTING CHOICE IN CALIFORNIA, A PROJECT OF PLANNED PARENTHOOD AFFILIATES OF CALIFORNIA",PLANNED PARENTHOOD AFFILIATES OF CALIFORNIA,,490.0
360,C00688432,PLANNED PARENTHOOD ACTION FUND OF THE PACIFIC SOUTHWEST PAC,PLANNED PARENTHOOD ACTION FUND OF THE PACIFIC SOUTHWEST,S0GA00559,488.0
361,C00688432,PLANNED PARENTHOOD ACTION FUND OF THE PACIFIC SOUTHWEST PAC,PLANNED PARENTHOOD ACTION FUND OF THE PACIFIC SOUTHWEST,S8GA00180,488.0
362,C00314617,"PLANNED PARENTHOOD ACTION FUND INC PAC, DBA PLANNED PARENTHOOD FEDERAL PAC",PLANNED PARENTHOOD ACTION FUND,C00675108,450.0
363,C00685289,NEVADA ADVOCATES FOR PLANNED PARENTHOOD AFFILIATES PAC (NAPPA PAC),PLANNED PARENTHOOD ADVOCATES PASADENA AND SAN GABRIEL VALLEY PAC,S6NV00200,443.0
364,C00314617,"PLANNED PARENTHOOD ACTION FUND INC PAC, DBA PLANNED PARENTHOOD FEDERAL PAC",PLANNED PARENTHOOD ACTION FUND,C00165688,430.0
365,C00742080,"PLANNED PARENTHOOD ALLIANCE PAC , SERVING WA, AK, ID, HI, IN, KY",CLEAN SWEEP CAMPAIGNS,H2KY03206,416.0
366,C00742080,"PLANNED PARENTHOOD ALLIANCE PAC , SERVING WA, AK, ID, HI, IN, KY",CLEAN SWEEP CAMPAIGNS,H2HI02128,416.0
367,C00742080,"PLANNED PARENTHOOD ALLIANCE PAC , SERVING WA, AK, ID, HI, IN, KY",CLEAN SWEEP CAMPAIGNS,S4HI00136,416.0
368,C00742080,"PLANNED PARENTHOOD ALLIANCE PAC , SERVING WA, AK, ID, HI, IN, KY",CLEAN SWEEP CAMPAIGNS,S0KY00420,416.0
369,C00742080,"PLANNED PARENTHOOD ALLIANCE PAC , SERVING WA, AK, ID, HI, IN, KY",CLEAN SWEEP CAMPAIGNS,H2HI02581,416.0
370,C00489799,PLANNED PARENTHOOD VOTES,M+R STRATEGIC SERVICES,S2WA00387,370.0
371,C00314617,"PLANNED PARENTHOOD ACTION FUND INC PAC, DBA PLANNED PARENTHOOD FEDERAL PAC",PLANNED PARENTHOOD ACTION FUND,C00010603,361.0
372,C00687491,PLANNED PARENTHOOD ADVOCACY PROJECT LOS ANGELES COUNTY ACTION FUND,PLANNED PARENTHOOD ADVOCACY PROJECT LOS ANGELES COUNTY,S2CA00955,352.0
373,C00489799,PLANNED PARENTHOOD VOTES,PLANNED PARENTHOOD ACTION FUND,S0NH00326,351.0
374,C90016510,PLANNED PARENTHOOD ADVOCATES OF WISCONSIN POLITICAL FUND,PLANNED PARENTHOOD ADVOCATES OF WISCONSIN,S2WI00441,343.0
375,C00742080,"PLANNED PARENTHOOD ALLIANCE PAC , SERVING WA, AK, ID, HI, IN, KY",PLANNED PARENTHOOD ALLIANCE ADVOCATES,H2WA08182,330.0
376,C00687848,PLANNED PARENTHOOD OF ORANGE AND SAN BERNARDINO COUNTIES' COMMUNITY ACTION FUND PAC,PLANNED PARENTHOOD OF ORANGE AND SAN BERNARDINO COUNTIES' COMMUNITY ACTION FUND,H0CA48198,319.0
377,C00314617,"PLANNED PARENTHOOD ACTION FUND INC PAC, DBA PLANNED PARENTHOOD FEDERAL PAC",PLANNED PARENTHOOD ACTION FUND,C00000935,312.0
378,C00489799,PLANNED PARENTHOOD VOTES,"BERG, MIRIAM",S6NV00200,308.0
379,C00489799,PLANNED PARENTHOOD VOTES,"BERG, MIRIAM",S2NV00324,308.0
380,C00489799,PLANNED PARENTHOOD VOTES,PRECISION STRATEGIES LLC,S0AZ00350,300.0
381,C00684530,PLANNED PARENTHOOD OF MINNESOTA POLITICAL ACTION FUND,PLANNED PARENTHOOD MN ND SD ACTION FUND,P80001571,298.0
382,C00314617,"PLANNED PARENTHOOD ACTION FUND INC PAC, DBA PLANNED PARENTHOOD FEDERAL PAC",PLANNED PARENTHOOD ACTION FUND,C00696526,293.0
383,C00314617,"PLANNED PARENTHOOD ACTION FUND INC PAC, DBA PLANNED PARENTHOOD FEDERAL PAC",PLANNED PARENTHOOD ACTION FUND,C00575548,265.0
384,C00314617,"PLANNED PARENTHOOD ACTION FUND INC PAC, DBA PLANNED PARENTHOOD FEDERAL PAC",PLANNED PARENTHOOD ACTION FUND,C00588772,265.0
385,C00684530,PLANNED PARENTHOOD OF MINNESOTA POLITICAL ACTION FUND,PLANNED PARENTHOOD MN ND SD ACTION FUND,S0MN00328,257.0
386,C00314617,"PLANNED PARENTHOOD ACTION FUND INC PAC, DBA PLANNED PARENTHOOD FEDERAL PAC",PLANNED PARENTHOOD ACTION FUND,C00226928,254.0
387,C00687491,PLANNED PARENTHOOD ADVOCACY PROJECT LOS ANGELES COUNTY ACTION FUND,PLANNED PARENTHOOD ADVOCACY PROJECT LOS ANGELES COUNTY,H2CA28113,252.0
388,C00687491,PLANNED PARENTHOOD ADVOCACY PROJECT LOS ANGELES COUNTY ACTION FUND,PLANNED PARENTHOOD ADVOCACY PROJECT LOS ANGELES COUNTY,H8CA34068,252.0
389,C00687491,PLANNED PARENTHOOD ADVOCACY PROJECT LOS ANGELES COUNTY ACTION FUND,PLANNED PARENTHOOD ADVOCACY PROJECT LOS ANGELES COUNTY,H6CA44103,252.0
390,C00687491,PLANNED PARENTHOOD ADVOCACY PROJECT LOS ANGELES COUNTY ACTION FUND,PLANNED PARENTHOOD ADVOCACY PROJECT LOS ANGELES COUNTY,H6CA24113,252.0
391,C00687491,PLANNED PARENTHOOD ADVOCACY PROJECT LOS ANGELES COUNTY ACTION FUND,PLANNED PARENTHOOD ADVOCACY PROJECT LOS ANGELES COUNTY,H4CA33119,252.0
392,C00687491,PLANNED PARENTHOOD ADVOCACY PROJECT LOS ANGELES COUNTY ACTION FUND,PLANNED PARENTHOOD ADVOCACY PROJECT LOS ANGELES COUNTY,H4CA23011,252.0
393,C00687491,PLANNED PARENTHOOD ADVOCACY PROJECT LOS ANGELES COUNTY ACTION FUND,PLANNED PARENTHOOD ADVOCACY PROJECT LOS ANGELES COUNTY,H2CA39078,252.0
394,C00687491,PLANNED PARENTHOOD ADVOCACY PROJECT LOS ANGELES COUNTY ACTION FUND,PLANNED PARENTHOOD ADVOCACY PROJECT LOS ANGELES COUNTY,H2CA37304,252.0
395,C00687491,PLANNED PARENTHOOD ADVOCACY PROJECT LOS ANGELES COUNTY ACTION FUND,PLANNED PARENTHOOD ADVOCACY PROJECT LOS ANGELES COUNTY,H0CA27085,252.0
396,C00687491,PLANNED PARENTHOOD ADVOCACY PROJECT LOS ANGELES COUNTY ACTION FUND,PLANNED PARENTHOOD ADVOCACY PROJECT LOS ANGELES COUNTY,H8CA34266,252.0
397,C00489799,PLANNED PARENTHOOD VOTES,PIEHOLE.TV LLC,H8NH01210,250.0
398,C00742080,"PLANNED PARENTHOOD ALLIANCE PAC , SERVING WA, AK, ID, HI, IN, KY",PLANNED PARENTHOOD ALLIANCE ADVOCATES,H2WA03100,247.0
399,C00314617,"PLANNED PARENTHOOD ACTION FUND INC PAC, DBA PLANNED PARENTHOOD FEDERAL PAC",PLANNED PARENTHOOD ACTION FUND,C00801274,245.0
400,C00314617,"PLANNED PARENTHOOD ACTION FUND INC PAC, DBA PLANNED PARENTHOOD FEDERAL PAC",PLANNED PARENTHOOD ACTION FUND,C00658567,241.0
401,C00314617,"PLANNED PARENTHOOD ACTION FUND INC PAC, DBA PLANNED PARENTHOOD FEDERAL PAC",PLANNED PARENTHOOD ACTION FUND,C00652628,211.0
402,C00684530,PLANNED PARENTHOOD OF MINNESOTA POLITICAL ACTION FUND,FACEBOOK,H8MN01279,198.0
403,C00314617,"PLANNED PARENTHOOD ACTION FUND INC PAC, DBA PLANNED PARENTHOOD FEDERAL PAC",PLANNED PARENTHOOD ACTION FUND,C00655613,190.0
404,C00314617,"PLANNED PARENTHOOD ACTION FUND INC PAC, DBA PLANNED PARENTHOOD FEDERAL PAC",PLANNED PARENTHOOD ACTION FUND,C00161786,184.0
405,C00688432,PLANNED PARENTHOOD ACTION FUND OF THE PACIFIC SOUTHWEST PAC,PLANNED PARENTHOOD ACTION FUND OF THE PACIFIC SOUTHWEST,H2CA43245,179.0
406,C00684530,PLANNED PARENTHOOD OF MINNESOTA POLITICAL ACTION FUND,PLANNED PARENTHOOD MN ND SD ACTION FUND,H8MN01279,177.0
407,C00489799,PLANNED PARENTHOOD VOTES,UNO TRANSLATIONS AND COMMUNICATIONS LLC,S8GA00180,171.0
408,C00489799,PLANNED PARENTHOOD VOTES,UNO TRANSLATIONS AND COMMUNICATIONS LLC,S0GA00559,171.0
409,C00684530,PLANNED PARENTHOOD OF MINNESOTA POLITICAL ACTION FUND,PLANNED PARENTHOOD MN ND SD ACTION FUND,H0MN01045,166.0
410,C00684530,PLANNED PARENTHOOD OF MINNESOTA POLITICAL ACTION FUND,FACEBOOK,H8MN03143,165.0
411,C00489799,PLANNED PARENTHOOD VOTES,M+R STRATEGIC SERVICES,S2PA00638,163.0
412,C00687491,PLANNED PARENTHOOD ADVOCACY PROJECT LOS ANGELES COUNTY ACTION FUND,PLANNED PARENTHOOD ADVOCACY PROJECT LOS ANGELES COUNTY,H0CA25154,153.0
413,C00489799,PLANNED PARENTHOOD VOTES,PRECISION STRATEGIES LLC,S6PA00274,150.0
414,C00314617,"PLANNED PARENTHOOD ACTION FUND INC PAC, DBA PLANNED PARENTHOOD FEDERAL PAC",PLANNED PARENTHOOD ACTION FUND,C00664375,142.0
415,C00489799,PLANNED PARENTHOOD VOTES,M+R STRATEGIC SERVICES,S2GA00225,134.0
416,C00684530,PLANNED PARENTHOOD OF MINNESOTA POLITICAL ACTION FUND,FACEBOOK,H0MN04049,132.0
417,C00314617,"PLANNED PARENTHOOD ACTION FUND INC PAC, DBA PLANNED PARENTHOOD FEDERAL PAC",PLANNED PARENTHOOD ACTION FUND,C00670034,117.0
418,C00314617,"PLANNED PARENTHOOD ACTION FUND INC PAC, DBA PLANNED PARENTHOOD FEDERAL PAC",PLANNED PARENTHOOD ACTION FUND,C00308676,102.0
419,C00687491,PLANNED PARENTHOOD ADVOCACY PROJECT LOS ANGELES COUNTY ACTION FUND,PLANNED PARENTHOOD ADVOCACY PROJECT LOS ANGELES COUNTY,H2CA47188,96.0
420,C00314617,"PLANNED PARENTHOOD ACTION FUND INC PAC, DBA PLANNED PARENTHOOD FEDERAL PAC",PLANNED PARENTHOOD ACTION FUND,C00575209,90.0
421,C00314617,"PLANNED PARENTHOOD ACTION FUND INC PAC, DBA PLANNED PARENTHOOD FEDERAL PAC",PLANNED PARENTHOOD ACTION FUND,C00652719,90.0
422,C00314617,"PLANNED PARENTHOOD ACTION FUND INC PAC, DBA PLANNED PARENTHOOD FEDERAL PAC",PLANNED PARENTHOOD ACTION FUND,C00646844,90.0
423,C00314617,"PLANNED PARENTHOOD ACTION FUND INC PAC, DBA PLANNED PARENTHOOD FEDERAL PAC",PLANNED PARENTHOOD ACTION FUND,C00668228,90.0
424,C00314617,"PLANNED PARENTHOOD ACTION FUND INC PAC, DBA PLANNED PARENTHOOD FEDERAL PAC",PLANNED PARENTHOOD ACTION FUND,C00499467,90.0
425,C00314617,"PLANNED PARENTHOOD ACTION FUND INC PAC, DBA PLANNED PARENTHOOD FEDERAL PAC",PLANNED PARENTHOOD ACTION FUND,C00677898,90.0
426,C00314617,"PLANNED PARENTHOOD ACTION FUND INC PAC, DBA PLANNED PARENTHOOD FEDERAL PAC",PLANNED PARENTHOOD ACTION FUND,C00648220,90.0
427,C00314617,"PLANNED PARENTHOOD ACTION FUND INC PAC, DBA PLANNED PARENTHOOD FEDERAL PAC",PLANNED PARENTHOOD ACTION FUND,C00660464,90.0
428,C00314617,"PLANNED PARENTHOOD ACTION FUND INC PAC, DBA PLANNED PARENTHOOD FEDERAL PAC",PLANNED PARENTHOOD ACTION FUND,C00704049,90.0
429,C00489799,PLANNED PARENTHOOD VOTES,TASK RABBIT,S2GA00225,84.0
430,C00489799,PLANNED PARENTHOOD VOTES,"BERG, MIRIAM",S0GA00559,84.0
431,C00489799,PLANNED PARENTHOOD VOTES,TASK RABBIT,S0GA00559,84.0
432,C00489799,PLANNED PARENTHOOD VOTES,"BERG, MIRIAM",S2GA00225,84.0
433,C00489799,PLANNED PARENTHOOD VOTES,PLANNED PARENTHOOD ACTION FUND,S2PA00661,80.0
434,C00688432,PLANNED PARENTHOOD ACTION FUND OF THE PACIFIC SOUTHWEST PAC,GETTHRU,H8CA49058,77.0
435,C00489799,PLANNED PARENTHOOD VOTES,PUBLIX,S0GA00559,75.0
436,C00684530,PLANNED PARENTHOOD OF MINNESOTA POLITICAL ACTION FUND,PLANNED PARENTHOOD MN ND SD ACTION FUND,H8MN03143,75.0
437,C00489799,PLANNED PARENTHOOD VOTES,PUBLIX,S2GA00225,75.0
438,C00684530,PLANNED PARENTHOOD OF MINNESOTA POLITICAL ACTION FUND,FACEBOOK,H6MN02131,66.0
439,C00684530,PLANNED PARENTHOOD OF MINNESOTA POLITICAL ACTION FUND,PLANNED PARENTHOOD MN ND SD ACTION FUND,H0MN03124,63.0
440,C00314617,"PLANNED PARENTHOOD ACTION FUND INC PAC, DBA PLANNED PARENTHOOD FEDERAL PAC",PLANNED PARENTHOOD ACTION FUND,C00605592,60.0
441,C00687491,PLANNED PARENTHOOD ADVOCACY PROJECT LOS ANGELES COUNTY ACTION FUND,PLANNED PARENTHOOD ADVOCACY PROJECT LOS ANGELES COUNTY,H2CA42213,57.0
442,C00489799,PLANNED PARENTHOOD VOTES,"BERG, MIRIAM",S0AZ00350,47.0
443,C00489799,PLANNED PARENTHOOD VOTES,"BERG, MIRIAM",S2AZ00372,47.0
444,C00489799,PLANNED PARENTHOOD VOTES,BLUE STATE DIGITAL,S8GA00180,46.0
445,C00489799,PLANNED PARENTHOOD VOTES,BLUE STATE DIGITAL,S0GA00559,46.0
446,C00742080,"PLANNED PARENTHOOD ALLIANCE PAC , SERVING WA, AK, ID, HI, IN, KY",PLANNED PARENTHOOD ALLIANCE ADVOCATES,H2KY03206,44.0
447,C00742080,"PLANNED PARENTHOOD ALLIANCE PAC , SERVING WA, AK, ID, HI, IN, KY",PLANNED PARENTHOOD ALLIANCE ADVOCATES,S0KY00420,44.0
448,C00489799,PLANNED PARENTHOOD VOTES,PLANNED PARENTHOOD ACTION FUND,S2NV00324,43.0
449,C00489799,PLANNED PARENTHOOD VOTES,PLANNED PARENTHOOD SOUTHEAST ADVOCATES,H0GA07273,38.0
450,C00489799,PLANNED PARENTHOOD VOTES,PLANNED PARENTHOOD SOUTHEAST ADVOCATES,H0GA05301,38.0
451,C00489799,PLANNED PARENTHOOD VOTES,PLANNED PARENTHOOD SOUTHEAST ADVOCATES,H0GA07232,38.0
452,C00489799,PLANNED PARENTHOOD VOTES,PLANNED PARENTHOOD SOUTHEAST ADVOCATES,H8GA06393,38.0
453,C00489799,PLANNED PARENTHOOD VOTES,PLANNED PARENTHOOD SOUTHEAST ADVOCATES,H6GA04129,38.0
454,C00489799,PLANNED PARENTHOOD VOTES,PLANNED PARENTHOOD SOUTHEAST ADVOCATES,H2GA06222,38.0
455,C00489799,PLANNED PARENTHOOD VOTES,PLANNED PARENTHOOD SOUTHEAST ADVOCATES,H2GA05166,38.0
456,C00489799,PLANNED PARENTHOOD VOTES,PLANNED PARENTHOOD SOUTHEAST ADVOCATES,H2GA04201,38.0
457,C90016510,PLANNED PARENTHOOD ADVOCATES OF WISCONSIN POLITICAL FUND,JOHNSON LITHO GRAPHICS,S2WI00441,32.0
458,C00489799,PLANNED PARENTHOOD VOTES,M+R STRATEGIC SERVICES,S0WI00197,29.0
459,C00314617,"PLANNED PARENTHOOD ACTION FUND INC PAC, DBA PLANNED PARENTHOOD FEDERAL PAC",PLANNED PARENTHOOD ACTION FUND,C00114439,27.0
460,C00684530,PLANNED PARENTHOOD OF MINNESOTA POLITICAL ACTION FUND,PLANNED PARENTHOOD MN ND SD ACTION FUND,H6MN02131,24.0
461,C00489799,PLANNED PARENTHOOD VOTES,"BERG, MIRIAM",S2PA00638,23.0
462,C00489799,PLANNED PARENTHOOD VOTES,"BERG, MIRIAM",S6PA00274,23.0
463,C00687848,PLANNED PARENTHOOD OF ORANGE AND SAN BERNARDINO COUNTIES' COMMUNITY ACTION FUND PAC,PLANNED PARENTHOOD OF ORANGE AND SAN BERNARDINO COUNTIES' COMMUNITY ACTION FUND,S2CA00955,21.0
464,C00687848,PLANNED PARENTHOOD OF ORANGE AND SAN BERNARDINO COUNTIES' COMMUNITY ACTION FUND PAC,PLANNED PARENTHOOD OF ORANGE AND SAN BERNARDINO COUNTIES' COMMUNITY ACTION FUND,H6CA46116,21.0
465,C00687848,PLANNED PARENTHOOD OF ORANGE AND SAN BERNARDINO COUNTIES' COMMUNITY ACTION FUND PAC,PLANNED PARENTHOOD OF ORANGE AND SAN BERNARDINO COUNTIES' COMMUNITY ACTION FUND,H4CA35031,21.0
466,C00687848,PLANNED PARENTHOOD OF ORANGE AND SAN BERNARDINO COUNTIES' COMMUNITY ACTION FUND PAC,PLANNED PARENTHOOD OF ORANGE AND SAN BERNARDINO COUNTIES' COMMUNITY ACTION FUND,H2CA31125,21.0
467,C00489799,PLANNED PARENTHOOD VOTES,M+R STRATEGIC SERVICES,S0FL00338,21.0
468,C00688432,PLANNED PARENTHOOD ACTION FUND OF THE PACIFIC SOUTHWEST PAC,"FUTURA COLOR, INC.",H8CA49058,21.0
469,C00687848,PLANNED PARENTHOOD OF ORANGE AND SAN BERNARDINO COUNTIES' COMMUNITY ACTION FUND PAC,PLANNED PARENTHOOD OF ORANGE AND SAN BERNARDINO COUNTIES' COMMUNITY ACTION FUND,H8CA49058,21.0
470,C00489799,PLANNED PARENTHOOD VOTES,PLANNED PARENTHOOD ACTION FUND,H0GA05301,18.0
471,C00489799,PLANNED PARENTHOOD VOTES,PLANNED PARENTHOOD ACTION FUND,H2GA04201,18.0
472,C00489799,PLANNED PARENTHOOD VOTES,PLANNED PARENTHOOD ACTION FUND,H0GA07232,18.0
473,C00489799,PLANNED PARENTHOOD VOTES,PLANNED PARENTHOOD ACTION FUND,H0GA07273,18.0
474,C00489799,PLANNED PARENTHOOD VOTES,PLANNED PARENTHOOD ACTION FUND,H6GA04129,18.0
475,C00489799,PLANNED PARENTHOOD VOTES,PLANNED PARENTHOOD ACTION FUND,H2GA06222,18.0
476,C00489799,PLANNED PARENTHOOD VOTES,PLANNED PARENTHOOD ACTION FUND,H8GA06393,18.0
477,C00489799,PLANNED PARENTHOOD VOTES,PLANNED PARENTHOOD ACTION FUND,H2GA05166,18.0
478,C00489799,PLANNED PARENTHOOD VOTES,ARTLIST,S2AZ00372,16.0
479,C00489799,PLANNED PARENTHOOD VOTES,BLUE STATE DIGITAL,S4GA11285,15.0
480,C00489799,PLANNED PARENTHOOD VOTES,BLUE STATE DIGITAL,S0GA00526,15.0
481,C00688432,PLANNED PARENTHOOD ACTION FUND OF THE PACIFIC SOUTHWEST PAC,PLANNED PARENTHOOD ACTION FUND OF THE PACIFIC SOUTHWEST,H8CA49074,13.0
482,C00688432,PLANNED PARENTHOOD ACTION FUND OF THE PACIFIC SOUTHWEST PAC,PLANNED PARENTHOOD ACTION FUND OF THE PACIFIC SOUTHWEST,H2CA42205,13.0
483,C00688432,PLANNED PARENTHOOD ACTION FUND OF THE PACIFIC SOUTHWEST PAC,PLANNED PARENTHOOD ACTION FUND OF THE PACIFIC SOUTHWEST,H2CA36439,13.0
484,C00688432,PLANNED PARENTHOOD ACTION FUND OF THE PACIFIC SOUTHWEST PAC,"FUTURA COLOR, INC.",H2CA43245,13.0
485,C00688432,PLANNED PARENTHOOD ACTION FUND OF THE PACIFIC SOUTHWEST PAC,PLANNED PARENTHOOD ACTION FUND OF THE PACIFIC SOUTHWEST,H2CA52089,13.0
486,C00688432,PLANNED PARENTHOOD ACTION FUND OF THE PACIFIC SOUTHWEST PAC,PLANNED PARENTHOOD ACTION FUND OF THE PACIFIC SOUTHWEST,H2CA50026,13.0
487,C00684530,PLANNED PARENTHOOD OF MINNESOTA POLITICAL ACTION FUND,PLANNED PARENTHOOD MN ND SD ACTION FUND,H0MN02134,10.0
488,C00489799,PLANNED PARENTHOOD VOTES,ANALYTICS NINJA,H4CA23011,8.0
489,C00489799,PLANNED PARENTHOOD VOTES,ANALYTICS NINJA,H4CA33119,8.0
490,C00489799,PLANNED PARENTHOOD VOTES,ANALYTICS NINJA,H4CA35031,8.0
491,C00489799,PLANNED PARENTHOOD VOTES,ANALYTICS NINJA,H4CA45089,8.0
492,C00489799,PLANNED PARENTHOOD VOTES,ANALYTICS NINJA,H4CO04090,8.0
493,C00489799,PLANNED PARENTHOOD VOTES,ANALYTICS NINJA,H4FL20023,8.0
494,C00489799,PLANNED PARENTHOOD VOTES,ANALYTICS NINJA,H4IA03115,8.0
495,C00489799,PLANNED PARENTHOOD VOTES,ANALYTICS NINJA,H4MA03022,8.0
496,C00489799,PLANNED PARENTHOOD VOTES,ANALYTICS NINJA,H4MA05084,8.0
497,C00489799,PLANNED PARENTHOOD VOTES,ANALYTICS NINJA,H4MA06090,8.0
498,C00489799,PLANNED PARENTHOOD VOTES,ANALYTICS NINJA,H4MD04071,8.0
499,C00489799,PLANNED PARENTHOOD VOTES,ANALYTICS NINJA,H4MI07103,8.0
500,C00489799,PLANNED PARENTHOOD VOTES,ANALYTICS NINJA,H4MI12079,8.0
501,C00489799,PLANNED PARENTHOOD VOTES,ANALYTICS NINJA,H4MO05234,8.0
502,C00489799,PLANNED PARENTHOOD VOTES,ANALYTICS NINJA,H4MS02068,8.0
503,C00489799,PLANNED PARENTHOOD VOTES,ANALYTICS NINJA,H4MT00050,8.0
504,C00489799,PLANNED PARENTHOOD VOTES,ANALYTICS NINJA,H4NC01046,8.0
505,C00489799,PLANNED PARENTHOOD VOTES,ANALYTICS NINJA,H4NC12100,8.0
506,C00489799,PLANNED PARENTHOOD VOTES,ANALYTICS NINJA,H4NJ01084,8.0
507,C00489799,PLANNED PARENTHOOD VOTES,ANALYTICS NINJA,H4NJ01118,8.0
508,C00489799,PLANNED PARENTHOOD VOTES,ANALYTICS NINJA,H4NJ12149,8.0
509,C00489799,PLANNED PARENTHOOD VOTES,ANALYTICS NINJA,H4NY04075,8.0
510,C00489799,PLANNED PARENTHOOD VOTES,ANALYTICS NINJA,H4NY11138,8.0
511,C00489799,PLANNED PARENTHOOD VOTES,ANALYTICS NINJA,H4NY21079,8.0
512,C00489799,PLANNED PARENTHOOD VOTES,ANALYTICS NINJA,H4NY22051,8.0
513,C00489799,PLANNED PARENTHOOD VOTES,ANALYTICS NINJA,H4NY24073,8.0
514,C00489799,PLANNED PARENTHOOD VOTES,ANALYTICS NINJA,H4NY27076,8.0
515,C00489799,PLANNED PARENTHOOD VOTES,ANALYTICS NINJA,H4PA13199,8.0
516,C00489799,PLANNED PARENTHOOD VOTES,ANALYTICS NINJA,H4TX09095,8.0
517,C00489799,PLANNED PARENTHOOD VOTES,ANALYTICS NINJA,H4TX10028,8.0
518,C00489799,PLANNED PARENTHOOD VOTES,ANALYTICS NINJA,H4TX10093,8.0
519,C00489799,PLANNED PARENTHOOD VOTES,ANALYTICS NINJA,H4TX18054,8.0
520,C00489799,PLANNED PARENTHOOD VOTES,ANALYTICS NINJA,H4VA08224,8.0
521,C00489799,PLANNED PARENTHOOD VOTES,ANALYTICS NINJA,H4WA07073,8.0
522,C00489799,PLANNED PARENTHOOD VOTES,ANALYTICS NINJA,H4WA09061,8.0
523,C00489799,PLANNED PARENTHOOD VOTES,ANALYTICS NINJA,H4WI04183,8.0
524,C00489799,PLANNED PARENTHOOD VOTES,ANALYTICS NINJA,H4WV02080,8.0
525,C00489799,PLANNED PARENTHOOD VOTES,ANALYTICS NINJA,H6AK00045,8.0
526,C00489799,PLANNED PARENTHOOD VOTES,ANALYTICS NINJA,H6AZ01199,8.0
527,C00489799,PLANNED PARENTHOOD VOTES,ANALYTICS NINJA,H6AZ09010,8.0
528,C00489799,PLANNED PARENTHOOD VOTES,ANALYTICS NINJA,H6CA05195,8.0
529,C00489799,PLANNED PARENTHOOD VOTES,ANALYTICS NINJA,H6CA20152,8.0
530,C00489799,PLANNED PARENTHOOD VOTES,ANALYTICS NINJA,H6CA24113,8.0
531,C00489799,PLANNED PARENTHOOD VOTES,ANALYTICS NINJA,H6CA24303,8.0
532,C00489799,PLANNED PARENTHOOD VOTES,ANALYTICS NINJA,H6CA30185,8.0
533,C00489799,PLANNED PARENTHOOD VOTES,ANALYTICS NINJA,H6CA44103,8.0
534,C00489799,PLANNED PARENTHOOD VOTES,ANALYTICS NINJA,H6CA46116,8.0
535,C00489799,PLANNED PARENTHOOD VOTES,ANALYTICS NINJA,H6CO01141,8.0
536,C00489799,PLANNED PARENTHOOD VOTES,ANALYTICS NINJA,H6CO07023,8.0
537,C00489799,PLANNED PARENTHOOD VOTES,ANALYTICS NINJA,H6DE00206,8.0
538,C00489799,PLANNED PARENTHOOD VOTES,ANALYTICS NINJA,H6FL07140,8.0
539,C00489799,PLANNED PARENTHOOD VOTES,ANALYTICS NINJA,H6FL09179,8.0
540,C00489799,PLANNED PARENTHOOD VOTES,ANALYTICS NINJA,H6FL11126,8.0
541,C00489799,PLANNED PARENTHOOD VOTES,ANALYTICS NINJA,H6FL13148,8.0
542,C00489799,PLANNED PARENTHOOD VOTES,ANALYTICS NINJA,H6FL13205,8.0
543,C00489799,PLANNED PARENTHOOD VOTES,ANALYTICS NINJA,H6FL14112,8.0
544,C00489799,PLANNED PARENTHOOD VOTES,ANALYTICS NINJA,H6FL18097,8.0
545,C00489799,PLANNED PARENTHOOD VOTES,ANALYTICS NINJA,H6GA04129,8.0
546,C00489799,PLANNED PARENTHOOD VOTES,ANALYTICS NINJA,H6IL08147,8.0
547,C00489799,PLANNED PARENTHOOD VOTES,ANALYTICS NINJA,H6KY03124,8.0
548,C00489799,PLANNED PARENTHOOD VOTES,ANALYTICS NINJA,H6MD03292,8.0
549,C00489799,PLANNED PARENTHOOD VOTES,ANALYTICS NINJA,H6MD04209,8.0
550,C00489799,PLANNED PARENTHOOD VOTES,ANALYTICS NINJA,H6MD08457,8.0
551,C00489799,PLANNED PARENTHOOD VOTES,ANALYTICS NINJA,H6MI04113,8.0
552,C00489799,PLANNED PARENTHOOD VOTES,ANALYTICS NINJA,H6MI12264,8.0
553,C00489799,PLANNED PARENTHOOD VOTES,ANALYTICS NINJA,H6MN02131,8.0
554,C00489799,PLANNED PARENTHOOD VOTES,ANALYTICS NINJA,H6MN04244,8.0
555,C00489799,PLANNED PARENTHOOD VOTES,ANALYTICS NINJA,H6NC04037,8.0
556,C00489799,PLANNED PARENTHOOD VOTES,ANALYTICS NINJA,H6NE02125,8.0
557,C00489799,PLANNED PARENTHOOD VOTES,ANALYTICS NINJA,H6NJ05171,8.0
558,C00489799,PLANNED PARENTHOOD VOTES,ANALYTICS NINJA,H6NJ08118,8.0
559,C00489799,PLANNED PARENTHOOD VOTES,ANALYTICS NINJA,H6NJ13191,8.0
560,C00489799,PLANNED PARENTHOOD VOTES,ANALYTICS NINJA,H6NV04020,8.0
561,C00489799,PLANNED PARENTHOOD VOTES,ANALYTICS NINJA,H6OH04082,8.0
562,C00489799,PLANNED PARENTHOOD VOTES,ANALYTICS NINJA,H6OR03064,8.0
563,C00489799,PLANNED PARENTHOOD VOTES,ANALYTICS NINJA,H6OR04047,8.0
564,C00489799,PLANNED PARENTHOOD VOTES,ANALYTICS NINJA,H6PA02171,8.0
565,C00489799,PLANNED PARENTHOOD VOTES,ANALYTICS NINJA,H6PA08277,8.0
566,C00489799,PLANNED PARENTHOOD VOTES,ANALYTICS NINJA,H6TN09068,8.0
567,C00489799,PLANNED PARENTHOOD VOTES,ANALYTICS NINJA,H6TX15162,8.0
568,C00489799,PLANNED PARENTHOOD VOTES,ANALYTICS NINJA,H6VA01117,8.0
569,C00489799,PLANNED PARENTHOOD VOTES,ANALYTICS NINJA,H6VA04061,8.0
570,C00489799,PLANNED PARENTHOOD VOTES,ANALYTICS NINJA,H6VT00160,8.0
571,C00489799,PLANNED PARENTHOOD VOTES,ANALYTICS NINJA,H6WA07458,8.0
572,C00489799,PLANNED PARENTHOOD VOTES,ANALYTICS NINJA,H6WA09025,8.0
573,C00489799,PLANNED PARENTHOOD VOTES,ANALYTICS NINJA,H6WI03099,8.0
574,C00489799,PLANNED PARENTHOOD VOTES,ANALYTICS NINJA,H8AK00140,8.0
575,C00489799,PLANNED PARENTHOOD VOTES,ANALYTICS NINJA,H8AZ01104,8.0
576,C00489799,PLANNED PARENTHOOD VOTES,ANALYTICS NINJA,H8AZ01237,8.0
577,C00489799,PLANNED PARENTHOOD VOTES,ANALYTICS NINJA,H8AZ08083,8.0
578,C00489799,PLANNED PARENTHOOD VOTES,ANALYTICS NINJA,H8AZ09040,8.0
579,C00489799,PLANNED PARENTHOOD VOTES,ANALYTICS NINJA,H8CA01109,8.0
580,C00489799,PLANNED PARENTHOOD VOTES,ANALYTICS NINJA,H8CA01257,8.0
581,C00489799,PLANNED PARENTHOOD VOTES,ANALYTICS NINJA,H8CA04152,8.0
582,C00489799,PLANNED PARENTHOOD VOTES,ANALYTICS NINJA,H8CA05035,8.0
583,C00489799,PLANNED PARENTHOOD VOTES,ANALYTICS NINJA,H8CA09060,8.0
584,C00489799,PLANNED PARENTHOOD VOTES,ANALYTICS NINJA,H8CA10126,8.0
585,C00489799,PLANNED PARENTHOOD VOTES,ANALYTICS NINJA,H8CA10167,8.0
586,C00489799,PLANNED PARENTHOOD VOTES,ANALYTICS NINJA,H8CA10209,8.0
587,C00489799,PLANNED PARENTHOOD VOTES,ANALYTICS NINJA,H8CA12098,8.0
588,C00489799,PLANNED PARENTHOOD VOTES,ANALYTICS NINJA,H8CA12171,8.0
589,C00489799,PLANNED PARENTHOOD VOTES,ANALYTICS NINJA,H8CA19051,8.0
590,C00489799,PLANNED PARENTHOOD VOTES,ANALYTICS NINJA,H8CA20059,8.0
591,C00489799,PLANNED PARENTHOOD VOTES,ANALYTICS NINJA,H8CA32088,8.0
592,C00489799,PLANNED PARENTHOOD VOTES,ANALYTICS NINJA,H8CA34068,8.0
593,C00489799,PLANNED PARENTHOOD VOTES,ANALYTICS NINJA,H8CA34266,8.0
594,C00489799,PLANNED PARENTHOOD VOTES,ANALYTICS NINJA,H8CA39174,8.0
595,C00489799,PLANNED PARENTHOOD VOTES,ANALYTICS NINJA,H8CA39240,8.0
596,C00489799,PLANNED PARENTHOOD VOTES,ANALYTICS NINJA,H8CA41170,8.0
597,C00489799,PLANNED PARENTHOOD VOTES,ANALYTICS NINJA,H8CA45130,8.0
598,C00489799,PLANNED PARENTHOOD VOTES,ANALYTICS NINJA,H8CA47078,8.0
599,C00489799,PLANNED PARENTHOOD VOTES,ANALYTICS NINJA,H8CA48035,8.0
600,C00489799,PLANNED PARENTHOOD VOTES,ANALYTICS NINJA,H8CA49058,8.0
601,C00489799,PLANNED PARENTHOOD VOTES,ANALYTICS NINJA,H8CA49108,8.0
602,C00489799,PLANNED PARENTHOOD VOTES,ANALYTICS NINJA,H8CA50098,8.0
603,C00489799,PLANNED PARENTHOOD VOTES,ANALYTICS NINJA,H8CA51062,8.0
604,C00489799,PLANNED PARENTHOOD VOTES,ANALYTICS NINJA,H8CO02160,8.0
605,C00489799,PLANNED PARENTHOOD VOTES,ANALYTICS NINJA,H8CO03192,8.0
606,C00489799,PLANNED PARENTHOOD VOTES,ANALYTICS NINJA,H8CO06229,8.0
607,C00489799,PLANNED PARENTHOOD VOTES,ANALYTICS NINJA,H8CT01046,8.0
608,C00489799,PLANNED PARENTHOOD VOTES,ANALYTICS NINJA,H8CT04172,8.0
609,C00489799,PLANNED PARENTHOOD VOTES,ANALYTICS NINJA,H8CT05245,8.0
610,C00489799,PLANNED PARENTHOOD VOTES,ANALYTICS NINJA,H8DE01044,8.0
611,C00489799,PLANNED PARENTHOOD VOTES,ANALYTICS NINJA,H8FL07088,8.0
612,C00489799,PLANNED PARENTHOOD VOTES,ANALYTICS NINJA,H8FL26039,8.0
613,C00489799,PLANNED PARENTHOOD VOTES,ANALYTICS NINJA,H8FL27185,8.0
614,C00489799,PLANNED PARENTHOOD VOTES,ANALYTICS NINJA,H8FL27193,8.0
615,C00489799,PLANNED PARENTHOOD VOTES,ANALYTICS NINJA,H8GA06286,8.0
616,C00489799,PLANNED PARENTHOOD VOTES,ANALYTICS NINJA,H8GA06393,8.0
617,C00489799,PLANNED PARENTHOOD VOTES,ANALYTICS NINJA,H8GA07201,8.0
618,C00489799,PLANNED PARENTHOOD VOTES,ANALYTICS NINJA,H8IA01094,8.0
619,C00489799,PLANNED PARENTHOOD VOTES,ANALYTICS NINJA,H8IA02043,8.0
620,C00489799,PLANNED PARENTHOOD VOTES,ANALYTICS NINJA,H8IA03124,8.0
621,C00489799,PLANNED PARENTHOOD VOTES,ANALYTICS NINJA,H8IA04106,8.0
622,C00489799,PLANNED PARENTHOOD VOTES,ANALYTICS NINJA,H8IL04134,8.0
623,C00489799,PLANNED PARENTHOOD VOTES,ANALYTICS NINJA,H8IL05073,8.0
624,C00489799,PLANNED PARENTHOOD VOTES,ANALYTICS NINJA,H8IL06139,8.0
625,C00489799,PLANNED PARENTHOOD VOTES,ANALYTICS NINJA,H8IL09067,8.0
626,C00489799,PLANNED PARENTHOOD VOTES,ANALYTICS NINJA,H8IL09190,8.0
627,C00489799,PLANNED PARENTHOOD VOTES,ANALYTICS NINJA,H8IL13150,8.0
628,C00489799,PLANNED PARENTHOOD VOTES,ANALYTICS NINJA,H8IL14067,8.0
629,C00489799,PLANNED PARENTHOOD VOTES,ANALYTICS NINJA,H8IL14083,8.0
630,C00489799,PLANNED PARENTHOOD VOTES,ANALYTICS NINJA,H8IL14174,8.0
631,C00489799,PLANNED PARENTHOOD VOTES,ANALYTICS NINJA,H8KS03155,8.0
632,C00489799,PLANNED PARENTHOOD VOTES,ANALYTICS NINJA,H8LA02054,8.0
633,C00489799,PLANNED PARENTHOOD VOTES,ANALYTICS NINJA,H8MA02116,8.0
634,C00489799,PLANNED PARENTHOOD VOTES,ANALYTICS NINJA,H8MA03106,8.0
635,C00489799,PLANNED PARENTHOOD VOTES,ANALYTICS NINJA,H8MA07032,8.0
636,C00489799,PLANNED PARENTHOOD VOTES,ANALYTICS NINJA,H8MD03165,8.0
637,C00489799,PLANNED PARENTHOOD VOTES,ANALYTICS NINJA,H8ME01120,8.0
638,C00489799,PLANNED PARENTHOOD VOTES,ANALYTICS NINJA,H8ME02185,8.0
639,C00489799,PLANNED PARENTHOOD VOTES,ANALYTICS NINJA,H8MI08102,8.0
640,C00489799,PLANNED PARENTHOOD VOTES,ANALYTICS NINJA,H8MI09118,8.0
641,C00489799,PLANNED PARENTHOOD VOTES,ANALYTICS NINJA,H8MI11254,8.0
642,C00489799,PLANNED PARENTHOOD VOTES,ANALYTICS NINJA,H8MI13250,8.0
643,C00489799,PLANNED PARENTHOOD VOTES,ANALYTICS NINJA,H8MN01279,8.0
644,C00489799,PLANNED PARENTHOOD VOTES,ANALYTICS NINJA,H8MN03143,8.0
645,C00489799,PLANNED PARENTHOOD VOTES,ANALYTICS NINJA,H8MN05239,8.0
646,C00489799,PLANNED PARENTHOOD VOTES,ANALYTICS NINJA,H8MN08043,8.0
647,C00489799,PLANNED PARENTHOOD VOTES,ANALYTICS NINJA,H8MT01232,8.0
648,C00489799,PLANNED PARENTHOOD VOTES,ANALYTICS NINJA,H8NC13067,8.0
649,C00489799,PLANNED PARENTHOOD VOTES,ANALYTICS NINJA,H8NE02220,8.0
650,C00489799,PLANNED PARENTHOOD VOTES,ANALYTICS NINJA,H8NH01210,8.0
651,C00489799,PLANNED PARENTHOOD VOTES,ANALYTICS NINJA,H8NH02275,8.0
652,C00489799,PLANNED PARENTHOOD VOTES,ANALYTICS NINJA,H8NJ02166,8.0
653,C00489799,PLANNED PARENTHOOD VOTES,ANALYTICS NINJA,H8NJ03073,8.0
654,C00489799,PLANNED PARENTHOOD VOTES,ANALYTICS NINJA,H8NJ03206,8.0
655,C00489799,PLANNED PARENTHOOD VOTES,ANALYTICS NINJA,H8NJ04014,8.0
656,C00489799,PLANNED PARENTHOOD VOTES,ANALYTICS NINJA,H8NJ07223,8.0
657,C00489799,PLANNED PARENTHOOD VOTES,ANALYTICS NINJA,H8NM01331,8.0
658,C00489799,PLANNED PARENTHOOD VOTES,ANALYTICS NINJA,H8NM02156,8.0
659,C00489799,PLANNED PARENTHOOD VOTES,ANALYTICS NINJA,H8NM02248,8.0
660,C00489799,PLANNED PARENTHOOD VOTES,ANALYTICS NINJA,H8NV01261,8.0
661,C00489799,PLANNED PARENTHOOD VOTES,ANALYTICS NINJA,H8NV03036,8.0
662,C00489799,PLANNED PARENTHOOD VOTES,ANALYTICS NINJA,H8NY01148,8.0
663,C00489799,PLANNED PARENTHOOD VOTES,ANALYTICS NINJA,H8NY06048,8.0
664,C00489799,PLANNED PARENTHOOD VOTES,ANALYTICS NINJA,H8NY11113,8.0
665,C00489799,PLANNED PARENTHOOD VOTES,ANALYTICS NINJA,H8NY15148,8.0
666,C00489799,PLANNED PARENTHOOD VOTES,ANALYTICS NINJA,H8NY19181,8.0
667,C00489799,PLANNED PARENTHOOD VOTES,ANALYTICS NINJA,H8NY21203,8.0
668,C00489799,PLANNED PARENTHOOD VOTES,ANALYTICS NINJA,H8NY21245,8.0
669,C00489799,PLANNED PARENTHOOD VOTES,ANALYTICS NINJA,H8NY22151,8.0
670,C00489799,PLANNED PARENTHOOD VOTES,ANALYTICS NINJA,H8NY23183,8.0
671,C00489799,PLANNED PARENTHOOD VOTES,ANALYTICS NINJA,H8NY24090,8.0
672,C00489799,PLANNED PARENTHOOD VOTES,ANALYTICS NINJA,H8NY25105,8.0
673,C00489799,PLANNED PARENTHOOD VOTES,ANALYTICS NINJA,H8OH01043,8.0
674,C00489799,PLANNED PARENTHOOD VOTES,ANALYTICS NINJA,H8OH05036,8.0
675,C00489799,PLANNED PARENTHOOD VOTES,ANALYTICS NINJA,H8OH11141,8.0
676,C00489799,PLANNED PARENTHOOD VOTES,ANALYTICS NINJA,H8OH16108,8.0
677,C00489799,PLANNED PARENTHOOD VOTES,ANALYTICS NINJA,H8OK05109,8.0
678,C00489799,PLANNED PARENTHOOD VOTES,ANALYTICS NINJA,H8OR05107,8.0
679,C00489799,PLANNED PARENTHOOD VOTES,ANALYTICS NINJA,H8PA02110,8.0
680,C00489799,PLANNED PARENTHOOD VOTES,ANALYTICS NINJA,H8PA04116,8.0
681,C00489799,PLANNED PARENTHOOD VOTES,ANALYTICS NINJA,H8PA06087,8.0
682,C00489799,PLANNED PARENTHOOD VOTES,ANALYTICS NINJA,H8PA07200,8.0
683,C00489799,PLANNED PARENTHOOD VOTES,ANALYTICS NINJA,H8PA15229,8.0
684,C00489799,PLANNED PARENTHOOD VOTES,ANALYTICS NINJA,H8PA18181,8.0
685,C00489799,PLANNED PARENTHOOD VOTES,ANALYTICS NINJA,H8SC05158,8.0
686,C00489799,PLANNED PARENTHOOD VOTES,ANALYTICS NINJA,H8TN02119,8.0
687,C00489799,PLANNED PARENTHOOD VOTES,ANALYTICS NINJA,H8TN02176,8.0
688,C00489799,PLANNED PARENTHOOD VOTES,ANALYTICS NINJA,H8TX02166,8.0
689,C00489799,PLANNED PARENTHOOD VOTES,ANALYTICS NINJA,H8TX03123,8.0
690,C00489799,PLANNED PARENTHOOD VOTES,ANALYTICS NINJA,H8TX06233,8.0
691,C00489799,PLANNED PARENTHOOD VOTES,ANALYTICS NINJA,H8TX07140,8.0
692,C00489799,PLANNED PARENTHOOD VOTES,ANALYTICS NINJA,H8TX10110,8.0
693,C00489799,PLANNED PARENTHOOD VOTES,ANALYTICS NINJA,H8TX16109,8.0
694,C00489799,PLANNED PARENTHOOD VOTES,ANALYTICS NINJA,H8TX21307,8.0
695,C00489799,PLANNED PARENTHOOD VOTES,ANALYTICS NINJA,H8TX21331,8.0
696,C00489799,PLANNED PARENTHOOD VOTES,ANALYTICS NINJA,H8TX22313,8.0
697,C00489799,PLANNED PARENTHOOD VOTES,ANALYTICS NINJA,H8TX23121,8.0
698,C00489799,PLANNED PARENTHOOD VOTES,ANALYTICS NINJA,H8TX25159,8.0
699,C00489799,PLANNED PARENTHOOD VOTES,ANALYTICS NINJA,H8TX29052,8.0
700,C00489799,PLANNED PARENTHOOD VOTES,ANALYTICS NINJA,H8TX29110,8.0
701,C00489799,PLANNED PARENTHOOD VOTES,ANALYTICS NINJA,H8TX32098,8.0
702,C00489799,PLANNED PARENTHOOD VOTES,ANALYTICS NINJA,H8VA02111,8.0
703,C00489799,PLANNED PARENTHOOD VOTES,ANALYTICS NINJA,H8VA07094,8.0
704,C00489799,PLANNED PARENTHOOD VOTES,ANALYTICS NINJA,H8VA10106,8.0
705,C00489799,PLANNED PARENTHOOD VOTES,ANALYTICS NINJA,H8VA11062,8.0
706,C00489799,PLANNED PARENTHOOD VOTES,ANALYTICS NINJA,H8WA01077,8.0
707,C00489799,PLANNED PARENTHOOD VOTES,ANALYTICS NINJA,H8WA03198,8.0
708,C00489799,PLANNED PARENTHOOD VOTES,ANALYTICS NINJA,H8WA08189,8.0
709,C00489799,PLANNED PARENTHOOD VOTES,ANALYTICS NINJA,H8WI02121,8.0
710,C00489799,PLANNED PARENTHOOD VOTES,ANALYTICS NINJA,H8WI04069,8.0
711,C00489799,PLANNED PARENTHOOD VOTES,ANALYTICS NINJA,P80000722,8.0
712,C00489799,PLANNED PARENTHOOD VOTES,ANALYTICS NINJA,P80001571,8.0
713,C00489799,PLANNED PARENTHOOD VOTES,ANALYTICS NINJA,S0AK00196,8.0
714,C00489799,PLANNED PARENTHOOD VOTES,ANALYTICS NINJA,S0AZ00350,8.0
715,C00489799,PLANNED PARENTHOOD VOTES,ANALYTICS NINJA,S0CO00575,8.0
716,C00489799,PLANNED PARENTHOOD VOTES,ANALYTICS NINJA,S0DE00092,8.0
717,C00489799,PLANNED PARENTHOOD VOTES,ANALYTICS NINJA,S0DE00191,8.0
718,C00489799,PLANNED PARENTHOOD VOTES,ANALYTICS NINJA,S0GA00526,8.0
719,C00489799,PLANNED PARENTHOOD VOTES,ANALYTICS NINJA,S0GA00559,8.0
720,C00489799,PLANNED PARENTHOOD VOTES,ANALYTICS NINJA,S0GA00567,8.0
721,C00489799,PLANNED PARENTHOOD VOTES,ANALYTICS NINJA,S0IA00176,8.0
722,C00489799,PLANNED PARENTHOOD VOTES,ANALYTICS NINJA,S0IL00543,8.0
723,C00489799,PLANNED PARENTHOOD VOTES,ANALYTICS NINJA,S0KS00323,8.0
724,C00489799,PLANNED PARENTHOOD VOTES,ANALYTICS NINJA,S0MA00232,8.0
725,C00489799,PLANNED PARENTHOOD VOTES,ANALYTICS NINJA,S0ME00111,8.0
726,C00489799,PLANNED PARENTHOOD VOTES,ANALYTICS NINJA,S0MN00328,8.0
727,C00489799,PLANNED PARENTHOOD VOTES,ANALYTICS NINJA,S0MT00173,8.0
728,C00489799,PLANNED PARENTHOOD VOTES,ANALYTICS NINJA,S0NC00202,8.0
729,C00489799,PLANNED PARENTHOOD VOTES,ANALYTICS NINJA,S0NH00219,8.0
730,C00489799,PLANNED PARENTHOOD VOTES,ANALYTICS NINJA,S0NH00334,8.0
731,C00489799,PLANNED PARENTHOOD VOTES,ANALYTICS NINJA,S0NJ00217,8.0
732,C00489799,PLANNED PARENTHOOD VOTES,ANALYTICS NINJA,S0NM00058,8.0
733,C00489799,PLANNED PARENTHOOD VOTES,ANALYTICS NINJA,S0NM00124,8.0
734,C00489799,PLANNED PARENTHOOD VOTES,ANALYTICS NINJA,S0RI00067,8.0
735,C00489799,PLANNED PARENTHOOD VOTES,ANALYTICS NINJA,S0SC00149,8.0
736,C00489799,PLANNED PARENTHOOD VOTES,ANALYTICS NINJA,S0SC00289,8.0
737,C00489799,PLANNED PARENTHOOD VOTES,ANALYTICS NINJA,S0TX00233,8.0
738,C00489799,PLANNED PARENTHOOD VOTES,ANALYTICS NINJA,S0VA00146,8.0
739,C00489799,PLANNED PARENTHOOD VOTES,ANALYTICS NINJA,S2TX00106,8.0
740,C00489799,PLANNED PARENTHOOD VOTES,ANALYTICS NINJA,S4AK00214,8.0
741,C00489799,PLANNED PARENTHOOD VOTES,ANALYTICS NINJA,S4CO00395,8.0
742,C00489799,PLANNED PARENTHOOD VOTES,ANALYTICS NINJA,S4GA11285,8.0
743,C00489799,PLANNED PARENTHOOD VOTES,ANALYTICS NINJA,S4IA00129,8.0
744,C00489799,PLANNED PARENTHOOD VOTES,ANALYTICS NINJA,S4MA00028,8.0
745,C00489799,PLANNED PARENTHOOD VOTES,ANALYTICS NINJA,S4MI00355,8.0
746,C00489799,PLANNED PARENTHOOD VOTES,ANALYTICS NINJA,S4NC00162,8.0
747,C00489799,PLANNED PARENTHOOD VOTES,ANALYTICS NINJA,S4NJ00185,8.0
748,C00489799,PLANNED PARENTHOOD VOTES,ANALYTICS NINJA,S4OR00156,8.0
749,C00489799,PLANNED PARENTHOOD VOTES,ANALYTICS NINJA,S6IL00151,8.0
750,C00489799,PLANNED PARENTHOOD VOTES,ANALYTICS NINJA,S6ME00159,8.0
751,C00489799,PLANNED PARENTHOOD VOTES,ANALYTICS NINJA,S6RI00163,8.0
752,C00489799,PLANNED PARENTHOOD VOTES,ANALYTICS NINJA,S6VA00093,8.0
753,C00489799,PLANNED PARENTHOOD VOTES,ANALYTICS NINJA,S8AZ00221,8.0
754,C00489799,PLANNED PARENTHOOD VOTES,ANALYTICS NINJA,S8GA00180,8.0
755,C00489799,PLANNED PARENTHOOD VOTES,ANALYTICS NINJA,S8MI00372,8.0
756,C00489799,PLANNED PARENTHOOD VOTES,ANALYTICS NINJA,S8MN00578,8.0
757,C00489799,PLANNED PARENTHOOD VOTES,ANALYTICS NINJA,S8MS00261,8.0
758,C00489799,PLANNED PARENTHOOD VOTES,ANALYTICS NINJA,S8MS00287,8.0
759,C00489799,PLANNED PARENTHOOD VOTES,ANALYTICS NINJA,S8OR00207,8.0
760,C00489799,PLANNED PARENTHOOD VOTES,ANALYTICS NINJA,H0SC01378,8.0
761,C00489799,PLANNED PARENTHOOD VOTES,ANALYTICS NINJA,H0RI01073,8.0
762,C00489799,PLANNED PARENTHOOD VOTES,ANALYTICS NINJA,H0PA17115,8.0
763,C00489799,PLANNED PARENTHOOD VOTES,ANALYTICS NINJA,H0PA16034,8.0
764,C00489799,PLANNED PARENTHOOD VOTES,ANALYTICS NINJA,H0PA10110,8.0
765,C00489799,PLANNED PARENTHOOD VOTES,ANALYTICS NINJA,H0PA07132,8.0
766,C00489799,PLANNED PARENTHOOD VOTES,ANALYTICS NINJA,H0PA06167,8.0
767,C00489799,PLANNED PARENTHOOD VOTES,ANALYTICS NINJA,H0PA05094,8.0
768,C00489799,PLANNED PARENTHOOD VOTES,ANALYTICS NINJA,H0PA04279,8.0
769,C00489799,PLANNED PARENTHOOD VOTES,ANALYTICS NINJA,H0PA03347,8.0
770,C00489799,PLANNED PARENTHOOD VOTES,ANALYTICS NINJA,H0PA03271,8.0
771,C00489799,PLANNED PARENTHOOD VOTES,ANALYTICS NINJA,H0PA01325,8.0
772,C00489799,PLANNED PARENTHOOD VOTES,ANALYTICS NINJA,H0OR05104,8.0
773,C00489799,PLANNED PARENTHOOD VOTES,ANALYTICS NINJA,H0OR04107,8.0
774,C00489799,PLANNED PARENTHOOD VOTES,ANALYTICS NINJA,H0OR03174,8.0
775,C00489799,PLANNED PARENTHOOD VOTES,ANALYTICS NINJA,H0OR01194,8.0
776,C00489799,PLANNED PARENTHOOD VOTES,ANALYTICS NINJA,H0OK05205,8.0
777,C00489799,PLANNED PARENTHOOD VOTES,ANALYTICS NINJA,H0OH14084,8.0
778,C00489799,PLANNED PARENTHOOD VOTES,ANALYTICS NINJA,H0OH11098,8.0
779,C00489799,PLANNED PARENTHOOD VOTES,ANALYTICS NINJA,H0OH10116,8.0
780,C00489799,PLANNED PARENTHOOD VOTES,ANALYTICS NINJA,H0OH05074,8.0
781,C00489799,PLANNED PARENTHOOD VOTES,ANALYTICS NINJA,H0OH04093,8.0
782,C00489799,PLANNED PARENTHOOD VOTES,ANALYTICS NINJA,H0OH03111,8.0
783,C00489799,PLANNED PARENTHOOD VOTES,ANALYTICS NINJA,H0OH01099,8.0
784,C00489799,PLANNED PARENTHOOD VOTES,ANALYTICS NINJA,H0NY29054,8.0
785,C00489799,PLANNED PARENTHOOD VOTES,ANALYTICS NINJA,H0NY26084,8.0
786,C00489799,PLANNED PARENTHOOD VOTES,ANALYTICS NINJA,H0NY25094,8.0
787,C00489799,PLANNED PARENTHOOD VOTES,ANALYTICS NINJA,H0NY20111,8.0
788,C00489799,PLANNED PARENTHOOD VOTES,ANALYTICS NINJA,H0NY19204,8.0
789,C00489799,PLANNED PARENTHOOD VOTES,ANALYTICS NINJA,H0NY18172,8.0
790,C00489799,PLANNED PARENTHOOD VOTES,ANALYTICS NINJA,H0NY17315,8.0
791,C00489799,PLANNED PARENTHOOD VOTES,ANALYTICS NINJA,H0NY17174,8.0
792,C00489799,PLANNED PARENTHOOD VOTES,ANALYTICS NINJA,H0NY16143,8.0
793,C00489799,PLANNED PARENTHOOD VOTES,ANALYTICS NINJA,H0NY15327,8.0
794,C00489799,PLANNED PARENTHOOD VOTES,ANALYTICS NINJA,H0NY15160,8.0
795,C00489799,PLANNED PARENTHOOD VOTES,ANALYTICS NINJA,H0NY14296,8.0
796,C00489799,PLANNED PARENTHOOD VOTES,ANALYTICS NINJA,H0NY13165,8.0
797,C00489799,PLANNED PARENTHOOD VOTES,ANALYTICS NINJA,H0NY12209,8.0
798,C00489799,PLANNED PARENTHOOD VOTES,ANALYTICS NINJA,H0NY11078,8.0
799,C00489799,PLANNED PARENTHOOD VOTES,ANALYTICS NINJA,H0NY09122,8.0
800,C00489799,PLANNED PARENTHOOD VOTES,ANALYTICS NINJA,H0NY08108,8.0
801,C00489799,PLANNED PARENTHOOD VOTES,ANALYTICS NINJA,H0NY07118,8.0
802,C00489799,PLANNED PARENTHOOD VOTES,ANALYTICS NINJA,H0NY06086,8.0
803,C00489799,PLANNED PARENTHOOD VOTES,ANALYTICS NINJA,H0NY04156,8.0
804,C00489799,PLANNED PARENTHOOD VOTES,ANALYTICS NINJA,H0NY02192,8.0
805,C00489799,PLANNED PARENTHOOD VOTES,ANALYTICS NINJA,H0NY01186,8.0
806,C00489799,PLANNED PARENTHOOD VOTES,ANALYTICS NINJA,H0NV04015,8.0
807,C00489799,PLANNED PARENTHOOD VOTES,ANALYTICS NINJA,H0NV03132,8.0
808,C00489799,PLANNED PARENTHOOD VOTES,ANALYTICS NINJA,H0NM03201,8.0
809,C00489799,PLANNED PARENTHOOD VOTES,ANALYTICS NINJA,H0NM03102,8.0
810,C00489799,PLANNED PARENTHOOD VOTES,ANALYTICS NINJA,H0NM01189,8.0
811,C00489799,PLANNED PARENTHOOD VOTES,ANALYTICS NINJA,H0NJ12204,8.0
812,C00489799,PLANNED PARENTHOOD VOTES,ANALYTICS NINJA,H0NJ10232,8.0
813,C00489799,PLANNED PARENTHOOD VOTES,ANALYTICS NINJA,H0NJ09200,8.0
814,C00489799,PLANNED PARENTHOOD VOTES,ANALYTICS NINJA,H0NJ08152,8.0
815,C00489799,PLANNED PARENTHOOD VOTES,ANALYTICS NINJA,H0NJ07261,8.0
816,C00489799,PLANNED PARENTHOOD VOTES,ANALYTICS NINJA,H0NJ06255,8.0
817,C00489799,PLANNED PARENTHOOD VOTES,ANALYTICS NINJA,H0NJ05174,8.0
818,C00489799,PLANNED PARENTHOOD VOTES,ANALYTICS NINJA,H0NJ04151,8.0
819,C00489799,PLANNED PARENTHOOD VOTES,ANALYTICS NINJA,H0NJ02171,8.0
820,C00489799,PLANNED PARENTHOOD VOTES,ANALYTICS NINJA,H0NJ02155,8.0
821,C00489799,PLANNED PARENTHOOD VOTES,ANALYTICS NINJA,H0NH02181,8.0
822,C00489799,PLANNED PARENTHOOD VOTES,ANALYTICS NINJA,H0NH01282,8.0
823,C00489799,PLANNED PARENTHOOD VOTES,ANALYTICS NINJA,H0NC11233,8.0
824,C00489799,PLANNED PARENTHOOD VOTES,ANALYTICS NINJA,H0NC11175,8.0
825,C00489799,PLANNED PARENTHOOD VOTES,ANALYTICS NINJA,H0NC09286,8.0
826,C00489799,PLANNED PARENTHOOD VOTES,ANALYTICS NINJA,H0NC09187,8.0
827,C00489799,PLANNED PARENTHOOD VOTES,ANALYTICS NINJA,H0NC08254,8.0
828,C00489799,PLANNED PARENTHOOD VOTES,ANALYTICS NINJA,H0NC06241,8.0
829,C00489799,PLANNED PARENTHOOD VOTES,ANALYTICS NINJA,H0NC04220,8.0
830,C00489799,PLANNED PARENTHOOD VOTES,ANALYTICS NINJA,H0NC03149,8.0
831,C00489799,PLANNED PARENTHOOD VOTES,ANALYTICS NINJA,H0NC02158,8.0
832,C00489799,PLANNED PARENTHOOD VOTES,ANALYTICS NINJA,H0NC02125,8.0
833,C00489799,PLANNED PARENTHOOD VOTES,ANALYTICS NINJA,H0MS04120,8.0
834,C00489799,PLANNED PARENTHOOD VOTES,ANALYTICS NINJA,H0MS02082,8.0
835,C00489799,PLANNED PARENTHOOD VOTES,ANALYTICS NINJA,H0MO05208,8.0
836,C00489799,PLANNED PARENTHOOD VOTES,ANALYTICS NINJA,H0MO02254,8.0
837,C00489799,PLANNED PARENTHOOD VOTES,ANALYTICS NINJA,H0MN08156,8.0
838,C00489799,PLANNED PARENTHOOD VOTES,ANALYTICS NINJA,H0MN05178,8.0
839,C00489799,PLANNED PARENTHOOD VOTES,ANALYTICS NINJA,H0MN04049,8.0
840,C00489799,PLANNED PARENTHOOD VOTES,ANALYTICS NINJA,H0MN03124,8.0
841,C00489799,PLANNED PARENTHOOD VOTES,ANALYTICS NINJA,H0MN02134,8.0
842,C00489799,PLANNED PARENTHOOD VOTES,ANALYTICS NINJA,H0MN01045,8.0
843,C00489799,PLANNED PARENTHOOD VOTES,ANALYTICS NINJA,H0MI14255,8.0
844,C00489799,PLANNED PARENTHOOD VOTES,ANALYTICS NINJA,H0MI13471,8.0
845,C00489799,PLANNED PARENTHOOD VOTES,ANALYTICS NINJA,H0MI09180,8.0
846,C00489799,PLANNED PARENTHOOD VOTES,ANALYTICS NINJA,H0MI08141,8.0
847,C00489799,PLANNED PARENTHOOD VOTES,ANALYTICS NINJA,H0MI07150,8.0
848,C00489799,PLANNED PARENTHOOD VOTES,ANALYTICS NINJA,H0MI06152,8.0
849,C00489799,PLANNED PARENTHOOD VOTES,ANALYTICS NINJA,H0MI05162,8.0
850,C00489799,PLANNED PARENTHOOD VOTES,ANALYTICS NINJA,H0MI03316,8.0
851,C00489799,PLANNED PARENTHOOD VOTES,ANALYTICS NINJA,H0MI03308,8.0
852,C00489799,PLANNED PARENTHOOD VOTES,ANALYTICS NINJA,H0ME02083,8.0
853,C00489799,PLANNED PARENTHOOD VOTES,ANALYTICS NINJA,H0ME01119,8.0
854,C00489799,PLANNED PARENTHOOD VOTES,ANALYTICS NINJA,H0MD08203,8.0
855,C00489799,PLANNED PARENTHOOD VOTES,ANALYTICS NINJA,H0MD05225,8.0
856,C00489799,PLANNED PARENTHOOD VOTES,ANALYTICS NINJA,H0MA06148,8.0
857,C00489799,PLANNED PARENTHOOD VOTES,ANALYTICS NINJA,H0MA05132,8.0
858,C00489799,PLANNED PARENTHOOD VOTES,ANALYTICS NINJA,H0MA04259,8.0
859,C00489799,PLANNED PARENTHOOD VOTES,ANALYTICS NINJA,H0MA04184,8.0
860,C00489799,PLANNED PARENTHOOD VOTES,ANALYTICS NINJA,H0LA02259,8.0
861,C00489799,PLANNED PARENTHOOD VOTES,ANALYTICS NINJA,H0KS03236,8.0
862,C00489799,PLANNED PARENTHOOD VOTES,ANALYTICS NINJA,H0KS02196,8.0
863,C00489799,PLANNED PARENTHOOD VOTES,ANALYTICS NINJA,H0KS02188,8.0
864,C00489799,PLANNED PARENTHOOD VOTES,ANALYTICS NINJA,H0IN05326,8.0
865,C00489799,PLANNED PARENTHOOD VOTES,ANALYTICS NINJA,H0IN05219,8.0
866,C00489799,PLANNED PARENTHOOD VOTES,ANALYTICS NINJA,H0IL17083,8.0
867,C00489799,PLANNED PARENTHOOD VOTES,ANALYTICS NINJA,H0IL16184,8.0
868,C00489799,PLANNED PARENTHOOD VOTES,ANALYTICS NINJA,H0IL11110,8.0
869,C00489799,PLANNED PARENTHOOD VOTES,ANALYTICS NINJA,H0IL11052,8.0
870,C00489799,PLANNED PARENTHOOD VOTES,ANALYTICS NINJA,H0IL10351,8.0
871,C00489799,PLANNED PARENTHOOD VOTES,ANALYTICS NINJA,H0IL06060,8.0
872,C00489799,PLANNED PARENTHOOD VOTES,ANALYTICS NINJA,H0IL05096,8.0
873,C00489799,PLANNED PARENTHOOD VOTES,ANALYTICS NINJA,H0IL04081,8.0
874,C00489799,PLANNED PARENTHOOD VOTES,ANALYTICS NINJA,H0IL02127,8.0
875,C00489799,PLANNED PARENTHOOD VOTES,ANALYTICS NINJA,H0IL01194,8.0
876,C00489799,PLANNED PARENTHOOD VOTES,ANALYTICS NINJA,H0IA04145,8.0
877,C00489799,PLANNED PARENTHOOD VOTES,ANALYTICS NINJA,H0IA02156,8.0
878,C00489799,PLANNED PARENTHOOD VOTES,ANALYTICS NINJA,H0IA01174,8.0
879,C00489799,PLANNED PARENTHOOD VOTES,ANALYTICS NINJA,H0SC01394,8.0
880,C00489799,PLANNED PARENTHOOD VOTES,ANALYTICS NINJA,H0HI02155,8.0
881,C00489799,PLANNED PARENTHOOD VOTES,ANALYTICS NINJA,H0HI01298,8.0
882,C00489799,PLANNED PARENTHOOD VOTES,ANALYTICS NINJA,H0GA07273,8.0
883,C00489799,PLANNED PARENTHOOD VOTES,ANALYTICS NINJA,H0GA05301,8.0
884,C00489799,PLANNED PARENTHOOD VOTES,ANALYTICS NINJA,H0GA05277,8.0
885,C00489799,PLANNED PARENTHOOD VOTES,ANALYTICS NINJA,H0GA04148,8.0
886,C00489799,PLANNED PARENTHOOD VOTES,ANALYTICS NINJA,H0FL26036,8.0
887,C00489799,PLANNED PARENTHOOD VOTES,ANALYTICS NINJA,H0FL24205,8.0
888,C00489799,PLANNED PARENTHOOD VOTES,ANALYTICS NINJA,H0FL23090,8.0
889,C00489799,PLANNED PARENTHOOD VOTES,ANALYTICS NINJA,H0FL22118,8.0
890,C00489799,PLANNED PARENTHOOD VOTES,ANALYTICS NINJA,H0FL21078,8.0
891,C00489799,PLANNED PARENTHOOD VOTES,ANALYTICS NINJA,H0FL20120,8.0
892,C00489799,PLANNED PARENTHOOD VOTES,ANALYTICS NINJA,H0FL19080,8.0
893,C00489799,PLANNED PARENTHOOD VOTES,ANALYTICS NINJA,H0FL18207,8.0
894,C00489799,PLANNED PARENTHOOD VOTES,ANALYTICS NINJA,H0FL17068,8.0
895,C00489799,PLANNED PARENTHOOD VOTES,ANALYTICS NINJA,H0FL16094,8.0
896,C00489799,PLANNED PARENTHOOD VOTES,ANALYTICS NINJA,H0FL13158,8.0
897,C00489799,PLANNED PARENTHOOD VOTES,ANALYTICS NINJA,H0FL09081,8.0
898,C00489799,PLANNED PARENTHOOD VOTES,ANALYTICS NINJA,H0FL07143,8.0
899,C00489799,PLANNED PARENTHOOD VOTES,ANALYTICS NINJA,H0FL05170,8.0
900,C00489799,PLANNED PARENTHOOD VOTES,ANALYTICS NINJA,H0FL02086,8.0
901,C00489799,PLANNED PARENTHOOD VOTES,ANALYTICS NINJA,H0DE01066,8.0
902,C00489799,PLANNED PARENTHOOD VOTES,ANALYTICS NINJA,H0DC00058,8.0
903,C00489799,PLANNED PARENTHOOD VOTES,ANALYTICS NINJA,H0CT05200,8.0
904,C00489799,PLANNED PARENTHOOD VOTES,ANALYTICS NINJA,H0CT04195,8.0
905,C00489799,PLANNED PARENTHOOD VOTES,ANALYTICS NINJA,H0CT03155,8.0
906,C00489799,PLANNED PARENTHOOD VOTES,ANALYTICS NINJA,H0CT03072,8.0
907,C00489799,PLANNED PARENTHOOD VOTES,ANALYTICS NINJA,H0CT02207,8.0
908,C00489799,PLANNED PARENTHOOD VOTES,ANALYTICS NINJA,H0CT01126,8.0
909,C00489799,PLANNED PARENTHOOD VOTES,ANALYTICS NINJA,H0CO06119,8.0
910,C00489799,PLANNED PARENTHOOD VOTES,ANALYTICS NINJA,H0CO06101,8.0
911,C00489799,PLANNED PARENTHOOD VOTES,ANALYTICS NINJA,H0CO05129,8.0
912,C00489799,PLANNED PARENTHOOD VOTES,ANALYTICS NINJA,H0CO04197,8.0
913,C00489799,PLANNED PARENTHOOD VOTES,ANALYTICS NINJA,H0CO02233,8.0
914,C00489799,PLANNED PARENTHOOD VOTES,ANALYTICS NINJA,H0CO02225,8.0
915,C00489799,PLANNED PARENTHOOD VOTES,ANALYTICS NINJA,H0CA52083,8.0
916,C00489799,PLANNED PARENTHOOD VOTES,ANALYTICS NINJA,H0CA48198,8.0
917,C00489799,PLANNED PARENTHOOD VOTES,ANALYTICS NINJA,H0CA48156,8.0
918,C00489799,PLANNED PARENTHOOD VOTES,ANALYTICS NINJA,H0CA48024,8.0
919,C00489799,PLANNED PARENTHOOD VOTES,ANALYTICS NINJA,H0CA46077,8.0
920,C00489799,PLANNED PARENTHOOD VOTES,ANALYTICS NINJA,H0CA43108,8.0
921,C00489799,PLANNED PARENTHOOD VOTES,ANALYTICS NINJA,H0CA40138,8.0
922,C00489799,PLANNED PARENTHOOD VOTES,ANALYTICS NINJA,H0CA37167,8.0
923,C00489799,PLANNED PARENTHOOD VOTES,ANALYTICS NINJA,H0CA36193,8.0
924,C00489799,PLANNED PARENTHOOD VOTES,ANALYTICS NINJA,H0CA35146,8.0
925,C00489799,PLANNED PARENTHOOD VOTES,ANALYTICS NINJA,H0CA34131,8.0
926,C00489799,PLANNED PARENTHOOD VOTES,ANALYTICS NINJA,H0CA33117,8.0
927,C00489799,PLANNED PARENTHOOD VOTES,ANALYTICS NINJA,H0CA32101,8.0
928,C00489799,PLANNED PARENTHOOD VOTES,ANALYTICS NINJA,H0CA31129,8.0
929,C00489799,PLANNED PARENTHOOD VOTES,ANALYTICS NINJA,H0CA28182,8.0
930,C00489799,PLANNED PARENTHOOD VOTES,ANALYTICS NINJA,H0CA27127,8.0
931,C00489799,PLANNED PARENTHOOD VOTES,ANALYTICS NINJA,H0CA27085,8.0
932,C00489799,PLANNED PARENTHOOD VOTES,ANALYTICS NINJA,H0CA26145,8.0
933,C00489799,PLANNED PARENTHOOD VOTES,ANALYTICS NINJA,H0CA25154,8.0
934,C00489799,PLANNED PARENTHOOD VOTES,ANALYTICS NINJA,H0CA25105,8.0
935,C00489799,PLANNED PARENTHOOD VOTES,ANALYTICS NINJA,H0CA24157,8.0
936,C00489799,PLANNED PARENTHOOD VOTES,ANALYTICS NINJA,H0CA22102,8.0
937,C00489799,PLANNED PARENTHOOD VOTES,ANALYTICS NINJA,H0CA20122,8.0
938,C00489799,PLANNED PARENTHOOD VOTES,ANALYTICS NINJA,H0CA17193,8.0
939,C00489799,PLANNED PARENTHOOD VOTES,ANALYTICS NINJA,H0CA16120,8.0
940,C00688432,PLANNED PARENTHOOD ACTION FUND OF THE PACIFIC SOUTHWEST PAC,"FUTURA COLOR, INC.",H8CA50098,8.0
941,C00489799,PLANNED PARENTHOOD VOTES,ANALYTICS NINJA,H0CA15262,8.0
942,C00489799,PLANNED PARENTHOOD VOTES,ANALYTICS NINJA,H0CA15247,8.0
943,C00489799,PLANNED PARENTHOOD VOTES,ANALYTICS NINJA,H0CA14125,8.0
944,C00489799,PLANNED PARENTHOOD VOTES,ANALYTICS NINJA,H0CA13127,8.0
945,C00489799,PLANNED PARENTHOOD VOTES,ANALYTICS NINJA,H0CA10073,8.0
946,C00489799,PLANNED PARENTHOOD VOTES,ANALYTICS NINJA,H0CA09125,8.0
947,C00489799,PLANNED PARENTHOOD VOTES,ANALYTICS NINJA,H0CA08135,8.0
948,C00489799,PLANNED PARENTHOOD VOTES,ANALYTICS NINJA,H0CA08101,8.0
949,C00489799,PLANNED PARENTHOOD VOTES,ANALYTICS NINJA,H0CA07137,8.0
950,C00489799,PLANNED PARENTHOOD VOTES,ANALYTICS NINJA,H0CA06170,8.0
951,C00489799,PLANNED PARENTHOOD VOTES,ANALYTICS NINJA,H0CA05107,8.0
952,C00489799,PLANNED PARENTHOOD VOTES,ANALYTICS NINJA,H0CA04175,8.0
953,C00489799,PLANNED PARENTHOOD VOTES,ANALYTICS NINJA,H0CA03078,8.0
954,C00489799,PLANNED PARENTHOOD VOTES,ANALYTICS NINJA,H0AZ07082,8.0
955,C00489799,PLANNED PARENTHOOD VOTES,ANALYTICS NINJA,H0AZ03461,8.0
956,C00489799,PLANNED PARENTHOOD VOTES,ANALYTICS NINJA,H0AR03105,8.0
957,C00489799,PLANNED PARENTHOOD VOTES,ANALYTICS NINJA,H0AR03055,8.0
958,C00489799,PLANNED PARENTHOOD VOTES,ANALYTICS NINJA,H0AR02206,8.0
959,C00489799,PLANNED PARENTHOOD VOTES,ANALYTICS NINJA,H0AL07086,8.0
960,C00489799,PLANNED PARENTHOOD VOTES,ANALYTICS NINJA,H0HI02213,8.0
961,C00489799,PLANNED PARENTHOOD VOTES,ANALYTICS NINJA,H0SC05056,8.0
962,C00489799,PLANNED PARENTHOOD VOTES,ANALYTICS NINJA,H0SC06237,8.0
963,C00489799,PLANNED PARENTHOOD VOTES,ANALYTICS NINJA,H0TN09061,8.0
964,C00489799,PLANNED PARENTHOOD VOTES,ANALYTICS NINJA,H0TX02106,8.0
965,C00489799,PLANNED PARENTHOOD VOTES,ANALYTICS NINJA,H0TX03120,8.0
966,C00489799,PLANNED PARENTHOOD VOTES,ANALYTICS NINJA,H0TX06099,8.0
967,C00489799,PLANNED PARENTHOOD VOTES,ANALYTICS NINJA,H0TX07170,8.0
968,C00489799,PLANNED PARENTHOOD VOTES,ANALYTICS NINJA,H0TX09176,8.0
969,C00489799,PLANNED PARENTHOOD VOTES,ANALYTICS NINJA,H0TX15124,8.0
970,C00489799,PLANNED PARENTHOOD VOTES,ANALYTICS NINJA,H0TX16106,8.0
971,C00489799,PLANNED PARENTHOOD VOTES,ANALYTICS NINJA,H0TX18292,8.0
972,C00489799,PLANNED PARENTHOOD VOTES,ANALYTICS NINJA,H0TX21148,8.0
973,C00489799,PLANNED PARENTHOOD VOTES,ANALYTICS NINJA,H0TX22302,8.0
974,C00489799,PLANNED PARENTHOOD VOTES,ANALYTICS NINJA,H0TX24175,8.0
975,C00489799,PLANNED PARENTHOOD VOTES,ANALYTICS NINJA,H0TX24209,8.0
976,C00489799,PLANNED PARENTHOOD VOTES,ANALYTICS NINJA,H0TX32053,8.0
977,C00489799,PLANNED PARENTHOOD VOTES,ANALYTICS NINJA,H0TX32087,8.0
978,C00489799,PLANNED PARENTHOOD VOTES,ANALYTICS NINJA,H0TX33010,8.0
979,C00489799,PLANNED PARENTHOOD VOTES,ANALYTICS NINJA,H0TX35015,8.0
980,C00489799,PLANNED PARENTHOOD VOTES,ANALYTICS NINJA,H0TX35064,8.0
981,C00489799,PLANNED PARENTHOOD VOTES,ANALYTICS NINJA,H0VA02118,8.0
982,C00489799,PLANNED PARENTHOOD VOTES,ANALYTICS NINJA,H0VA03124,8.0
983,C00489799,PLANNED PARENTHOOD VOTES,ANALYTICS NINJA,H0VA04064,8.0
984,C00489799,PLANNED PARENTHOOD VOTES,ANALYTICS NINJA,H0VA05145,8.0
985,C00489799,PLANNED PARENTHOOD VOTES,ANALYTICS NINJA,H0VA05160,8.0
986,C00489799,PLANNED PARENTHOOD VOTES,ANALYTICS NINJA,H0VA07158,8.0
987,C00489799,PLANNED PARENTHOOD VOTES,ANALYTICS NINJA,H0VA10186,8.0
988,C00489799,PLANNED PARENTHOOD VOTES,ANALYTICS NINJA,H0VA11127,8.0
989,C00489799,PLANNED PARENTHOOD VOTES,ANALYTICS NINJA,H0VT00130,8.0
990,C00489799,PLANNED PARENTHOOD VOTES,ANALYTICS NINJA,H0WA02080,8.0
991,C00489799,PLANNED PARENTHOOD VOTES,ANALYTICS NINJA,H0WA02197,8.0
992,C00489799,PLANNED PARENTHOOD VOTES,ANALYTICS NINJA,H0WA03187,8.0
993,C00489799,PLANNED PARENTHOOD VOTES,ANALYTICS NINJA,H0WA06081,8.0
994,C00489799,PLANNED PARENTHOOD VOTES,ANALYTICS NINJA,H0WA08046,8.0
995,C00489799,PLANNED PARENTHOOD VOTES,ANALYTICS NINJA,H0WA08103,8.0
996,C00489799,PLANNED PARENTHOOD VOTES,ANALYTICS NINJA,H0WI03175,8.0
997,C00489799,PLANNED PARENTHOOD VOTES,ANALYTICS NINJA,H0WI07101,8.0
998,C00489799,PLANNED PARENTHOOD VOTES,ANALYTICS NINJA,H0WI07135,8.0
999,C00489799,PLANNED PARENTHOOD VOTES,ANALYTICS NINJA,H0WV02179,8.0
1000,C00489799,PLANNED PARENTHOOD VOTES,ANALYTICS NINJA,H2AZ02386,8.0
1001,C00489799,PLANNED PARENTHOOD VOTES,ANALYTICS NINJA,H2AZ07070,8.0
1002,C00489799,PLANNED PARENTHOOD VOTES,ANALYTICS NINJA,H2CA00104,8.0
1003,C00489799,PLANNED PARENTHOOD VOTES,ANALYTICS NINJA,H2CA00120,8.0
1004,C00489799,PLANNED PARENTHOOD VOTES,ANALYTICS NINJA,H2CA06259,8.0
1005,C00489799,PLANNED PARENTHOOD VOTES,ANALYTICS NINJA,H2CA15094,8.0
1006,C00489799,PLANNED PARENTHOOD VOTES,ANALYTICS NINJA,H2CA20094,8.0
1007,C00489799,PLANNED PARENTHOOD VOTES,ANALYTICS NINJA,H2CA28113,8.0
1008,C00489799,PLANNED PARENTHOOD VOTES,ANALYTICS NINJA,H2CA31125,8.0
1009,C00489799,PLANNED PARENTHOOD VOTES,ANALYTICS NINJA,H2CA33048,8.0
1010,C00489799,PLANNED PARENTHOOD VOTES,ANALYTICS NINJA,H2CA36439,8.0
1011,C00489799,PLANNED PARENTHOOD VOTES,ANALYTICS NINJA,H2CA39078,8.0
1012,C00489799,PLANNED PARENTHOOD VOTES,ANALYTICS NINJA,H2CA43245,8.0
1013,C00489799,PLANNED PARENTHOOD VOTES,ANALYTICS NINJA,H2CA50026,8.0
1014,C00489799,PLANNED PARENTHOOD VOTES,ANALYTICS NINJA,H2CA52089,8.0
1015,C00489799,PLANNED PARENTHOOD VOTES,ANALYTICS NINJA,H2CT02112,8.0
1016,C00489799,PLANNED PARENTHOOD VOTES,ANALYTICS NINJA,H2FL08063,8.0
1017,C00489799,PLANNED PARENTHOOD VOTES,ANALYTICS NINJA,H2FL14053,8.0
1018,C00489799,PLANNED PARENTHOOD VOTES,ANALYTICS NINJA,H2FL23021,8.0
1019,C00489799,PLANNED PARENTHOOD VOTES,ANALYTICS NINJA,H2HI02128,8.0
1020,C00489799,PLANNED PARENTHOOD VOTES,ANALYTICS NINJA,H2IL01042,8.0
1021,C00489799,PLANNED PARENTHOOD VOTES,ANALYTICS NINJA,H2IL02172,8.0
1022,C00489799,PLANNED PARENTHOOD VOTES,ANALYTICS NINJA,H2IL10068,8.0
1023,C00489799,PLANNED PARENTHOOD VOTES,ANALYTICS NINJA,H2IL13120,8.0
1024,C00489799,PLANNED PARENTHOOD VOTES,ANALYTICS NINJA,H2IL17071,8.0
1025,C00489799,PLANNED PARENTHOOD VOTES,ANALYTICS NINJA,H2LA02289,8.0
1026,C00489799,PLANNED PARENTHOOD VOTES,ANALYTICS NINJA,H2MD05155,8.0
1027,C00489799,PLANNED PARENTHOOD VOTES,ANALYTICS NINJA,H2MI05119,8.0
1028,C00489799,PLANNED PARENTHOOD VOTES,ANALYTICS NINJA,H2MI11240,8.0
1029,C00489799,PLANNED PARENTHOOD VOTES,ANALYTICS NINJA,H2MI14111,8.0
1030,C00489799,PLANNED PARENTHOOD VOTES,ANALYTICS NINJA,H2MO02102,8.0
1031,C00489799,PLANNED PARENTHOOD VOTES,ANALYTICS NINJA,H2MT01060,8.0
1032,C00489799,PLANNED PARENTHOOD VOTES,ANALYTICS NINJA,H2NC08185,8.0
1033,C00489799,PLANNED PARENTHOOD VOTES,ANALYTICS NINJA,H2NJ10154,8.0
1034,C00489799,PLANNED PARENTHOOD VOTES,ANALYTICS NINJA,H2NV04011,8.0
1035,C00489799,PLANNED PARENTHOOD VOTES,ANALYTICS NINJA,H2NY00010,8.0
1036,C00489799,PLANNED PARENTHOOD VOTES,ANALYTICS NINJA,H2NY06116,8.0
1037,C00489799,PLANNED PARENTHOOD VOTES,ANALYTICS NINJA,H2NY10092,8.0
1038,C00489799,PLANNED PARENTHOOD VOTES,ANALYTICS NINJA,H2NY13096,8.0
1039,C00489799,PLANNED PARENTHOOD VOTES,ANALYTICS NINJA,H2NY14037,8.0
1040,C00489799,PLANNED PARENTHOOD VOTES,ANALYTICS NINJA,H2NY17071,8.0
1041,C00489799,PLANNED PARENTHOOD VOTES,ANALYTICS NINJA,H2NY22139,8.0
1042,C00489799,PLANNED PARENTHOOD VOTES,ANALYTICS NINJA,H2OH03067,8.0
1043,C00489799,PLANNED PARENTHOOD VOTES,ANALYTICS NINJA,H2OH03125,8.0
1044,C00489799,PLANNED PARENTHOOD VOTES,ANALYTICS NINJA,H2OH14064,8.0
1045,C00489799,PLANNED PARENTHOOD VOTES,ANALYTICS NINJA,H2OH17109,8.0
1046,C00489799,PLANNED PARENTHOOD VOTES,ANALYTICS NINJA,H2OR01133,8.0
1047,C00489799,PLANNED PARENTHOOD VOTES,ANALYTICS NINJA,H2PA04135,8.0
1048,C00489799,PLANNED PARENTHOOD VOTES,ANALYTICS NINJA,H2SC02042,8.0
1049,C00489799,PLANNED PARENTHOOD VOTES,ANALYTICS NINJA,H2TN05131,8.0
1050,C00489799,PLANNED PARENTHOOD VOTES,ANALYTICS NINJA,H2TX00015,8.0
1051,C00489799,PLANNED PARENTHOOD VOTES,ANALYTICS NINJA,H2TX33040,8.0
1052,C00489799,PLANNED PARENTHOOD VOTES,ANALYTICS NINJA,H2TX33073,8.0
1053,C00489799,PLANNED PARENTHOOD VOTES,ANALYTICS NINJA,H2TX35011,8.0
1054,C00489799,PLANNED PARENTHOOD VOTES,ANALYTICS NINJA,H2VA08160,8.0
1055,C00489799,PLANNED PARENTHOOD VOTES,ANALYTICS NINJA,H2WA06129,8.0
1056,C00489799,PLANNED PARENTHOOD VOTES,ANALYTICS NINJA,H2WI02124,8.0
1057,C00489799,PLANNED PARENTHOOD VOTES,ANALYTICS NINJA,H4AR02141,8.0
1058,C00489799,PLANNED PARENTHOOD VOTES,ANALYTICS NINJA,H4AZ06045,8.0
1059,C00489799,PLANNED PARENTHOOD VOTES,ANALYTICS NINJA,H4AZ07043,8.0
1060,C00489799,PLANNED PARENTHOOD VOTES,ANALYTICS NINJA,H4CA02098,8.0
1061,C00489799,PLANNED PARENTHOOD VOTES,ANALYTICS NINJA,H4CA11081,8.0
1062,C00489799,PLANNED PARENTHOOD VOTES,ANALYTICS NINJA,H4CA12055,8.0
1063,C00489799,PLANNED PARENTHOOD VOTES,ANALYTICS NINJA,H4CA16049,8.0
1064,C00489799,PLANNED PARENTHOOD VOTES,ANALYTICS NINJA,H4CA20082,8.0
1065,C00489799,PLANNED PARENTHOOD VOTES,M+R STRATEGIC SERVICES,S0NH00326,7.0
1066,C00742080,"PLANNED PARENTHOOD ALLIANCE PAC , SERVING WA, AK, ID, HI, IN, KY",PLANNED PARENTHOOD ALLIANCE ADVOCATES,H6WA07458,1.0
1067,C00742080,"PLANNED PARENTHOOD ALLIANCE PAC , SERVING WA, AK, ID, HI, IN, KY",PLANNED PARENTHOOD ALLIANCE ADVOCATES,H0WA10034,1.0
1068,C00742080,"PLANNED PARENTHOOD ALLIANCE PAC , SERVING WA, AK, ID, HI, IN, KY",PLANNED PARENTHOOD ALLIANCE ADVOCATES,H0WA02080,1.0
1069,C00742080,"PLANNED PARENTHOOD ALLIANCE PAC , SERVING WA, AK, ID, HI, IN, KY",PLANNED PARENTHOOD ALLIANCE ADVOCATES,H0WA08046,1.0
1070,C00742080,"PLANNED PARENTHOOD ALLIANCE PAC , SERVING WA, AK, ID, HI, IN, KY",PLANNED PARENTHOOD ALLIANCE ADVOCATES,H2WA06129,1.0
1071,C00742080,"PLANNED PARENTHOOD ALLIANCE PAC , SERVING WA, AK, ID, HI, IN, KY",PLANNED PARENTHOOD ALLIANCE ADVOCATES,H6WA09025,1.0
1072,C00556860,"PROTECTING CHOICE IN CALIFORNIA, A PROJECT OF PLANNED PARENTHOOD AFFILIATES OF CALIFORNIA",CALIFORNIA DEMOCRATIC PARTY,C00105668,0.0
1073,C00684530,PLANNED PARENTHOOD OF MINNESOTA POLITICAL ACTION FUND,PLANNED PARENTHOOD MN ND SD ACTION FUND,H0MN04049,0.0
1074,C00687491,PLANNED PARENTHOOD ADVOCACY PROJECT LOS ANGELES COUNTY ACTION FUND,PLANNED PARENTHOOD ADVOCACY PROJECT LOS ANGELES COUNTY,,0.0
1075,C00688432,PLANNED PARENTHOOD ACTION FUND OF THE PACIFIC SOUTHWEST PAC,PLANNED PARENTHOOD ACTION FUND OF THE PACIFIC SOUTHWEST,P80000722,0.0
1076,C90008236,PLANNED PARENTHOOD HUDSON PECANIC ACTION FUND,,,
1077,C90008293,PLANNED PARENTHOOD OF NASSAU COUNTY ACTION FUND,,,
1078,C90008673,PLANNED PARENTHOOD ADVOCATES OF WISCONSIN INC,,,
1079,C90009390,PLANNED PARENTHOOD OF NEW YORK CITY ACTION FUND,,,
1080,C90010729,NEVADA ADVOCATES FOR PLANNED PARENTHOOD AFFILIATES,,,
1081,C90011412,PLANNED PARENTHOOD ACTION FUND OF THE PACIFIC SOUTHWEST,,,
1082,C90014119,PLANNED PARENTHOOD VOTES NORTHWEST,,,
1083,C90014242,PLANNED PARENTHOOD SHASTA PACIFIC ACTION FUND,,,
1084,C90014465,PLANNED PARENTHOOD OF THE ROCHESTER/SYRACUSE REGION ACTION FUND INC.,,,
1085,C00568931,MI PLANNED PARENTHOOD VOTES,,,
1086,C90016767,PLANNED PARENTHOOD ACTION PAC NORTH CAROLINA,,,
1087,C90017054,PLANNED PARENTHOOD CENTRAL COAST ACTION FUND,,,
1088,C90017831,FLORIDA ALLIANCE OF PLANNED PARENTHOOD AFFILIATE INC.,,,
1089,C90021874,"PLANNED PARENTHOOD ADVOCATES OF WISCONSIN POLITICAL FUND, PLANNED PARENTHOOD ADVOCATES",,,
1090,C00715904,"VOTE PLANNED PARENTHOOD NORTHERN CALIFORNIA, A PROJECT OF PLANNED PARENTHOOD NORTHERN CALIFORNIA ACTION FUND",,,
1091,C00680637,PLANNED PARENTHOOD PENNSYLVANIA VOTES,,,
1092,C00760967,PLANNED PARENTHOOD ADVOCATES OF GREATER WASHINGTON AND NORTH IDAHO PAC,,,
1093,C00795070,PLANNED PARENTHOOD ILLINOIS VOTES,,,
1094,C70004148,PLANNED PARENTHOOD ACTION FUND INC,,,
1095,C90004946,PLANNED PARENTHOOD PENNSYLVANIA ADVOCATES,,,
1096,C90005471,PLANNED PARENTHOOD ACTION FUND INC,,,
1097,C90006149,PLANNED PARENTHOOD ADVOCACY PROJECT LOS ANGELES COUNTY,,,
1098,C90006701,THE PLANNED PARENTHOOD ACTION FUND OF,,,
1099,C90007543,PLANNED PARENTHOOD OF MN ACTION FUND,,,
